CustomerID,Recency,Frequency,Monetary
12346,326,1,77183.6
12347,2,182,4310
12348,75,31,1797.24
12349,19,73,1757.55
12350,310,17,334.4
12352,36,85,2506.04
12353,204,4,89
12354,232,58,1079.4
12355,214,13,459.4
12356,23,59,2811.43
12357,33,131,6207.67
12358,2,19,1168.06
12359,58,245,6310.03
12360,52,129,2662.06
12361,287,10,189.9
12362,3,266,5226.23
12363,110,23,552
12364,8,85,1313.1
12365,291,22,641.38
12367,4,11,168.9
12370,51,166,3541.94
12371,45,63,1887.96
12372,72,52,1298.04
12373,311,14,364.6
12374,25,33,742.93
12375,11,17,457.5
12377,315,77,1628.12
12378,130,219,4008.62
12379,82,40,852.24
12380,22,104,2724.81
12381,5,87,1845.31
12383,185,99,1850.56
12384,29,27,585.27
12386,338,10,401.9
12388,16,100,2780.66
12390,80,32,549.84
12391,22,93,439.66
12393,72,64,1582.6
12394,64,27,1272.48
12395,19,156,3018.63
12397,36,126,2409.9
12398,46,85,1635.66
12399,119,59,1108.65
12401,303,5,84.3
12402,323,11,225.6
12403,50,5,427.7
12405,149,54,1710.39
12406,22,105,3415.3
12407,50,77,1708.12
12408,33,105,2888.55
12409,79,109,11072.67
12410,309,26,693.33
12412,75,61,1226.88
12413,67,38,758.1
12414,217,18,562.41
12415,24,716,124914.53
12417,3,192,3649.1
12418,113,34,668.58
12420,64,29,600.39
12421,16,45,807.04
12422,96,39,803.56
12423,1,125,1859.31
12424,163,30,1760.96
12425,78,36,777.2
12426,195,30,582.73
12427,22,31,825.8
12428,26,294,7956.46
12429,9,97,3750.4
12430,43,11,256.4
12431,36,235,6419.95
12432,43,108,5059.32
12433,1,420,13375.87
12434,85,50,806.14
12435,80,36,7829.89
12436,100,16,509.01
12437,2,200,4951.41
12438,14,98,2906.85
12441,367,11,173.55
12442,3,12,172.06
12444,21,177,5005.46
12445,22,4,133.4
12446,58,58,1002.31
12447,243,26,476.49
12448,44,22,449.45
12449,22,191,4067.29
12450,156,8,197.88
12451,11,354,9035.52
12452,17,22,430.57
12453,134,43,707.09
12454,56,15,3528.34
12455,73,90,2466.86
12456,44,125,3181.04
12457,66,63,2363.23
12458,71,38,947.4
12461,94,35,826.88
12462,19,62,1189.59
12463,53,83,1344.78
12464,10,29,1212.05
12465,17,47,742.19
12468,188,38,729.54
12471,2,459,19788.65
12472,32,339,6572.11
12473,29,167,3928.05
12474,17,422,7324.09
12475,54,36,723.38
12476,16,233,6816.42
12477,23,300,13219.74
12478,4,36,680.99
12479,11,31,527.2
12480,28,154,3281.63
12481,23,216,5579.82
12483,17,75,2484.98
12484,33,343,4527.32
12488,10,55,1298.66
12489,336,15,334.93
12490,5,245,5417.93
12491,39,26,460.4
12492,63,20,263.21
12493,166,22,433.74
12494,16,77,1246.1
12497,82,14,1043.1
12498,21,23,403.7
12500,23,61,4257.82
12501,337,149,2169.39
12502,96,147,3723.87
12504,18,9,482.05
12506,233,23,73.5
12507,134,22,1304.81
12508,26,68,397.88
12509,284,7,176.5
12510,143,33,982.57
12512,66,31,132.18
12513,113,35,612.29
12514,267,51,1017.68
12515,353,16,383.7
12516,78,26,1312.06
12517,28,279,2481.6
12518,1,124,2056.89
12519,64,17,330.84
12520,79,152,2634.26
12521,143,38,599.68
12522,39,12,192.72
12523,19,106,1789.77
12524,9,144,4485.72
12526,1,71,1316.66
12527,82,18,348.71
12528,9,92,1933.48
12530,60,66,1662.28
12531,15,17,125.22
12532,30,16,349.83
12534,131,63,1089.18
12535,92,34,716.35
12536,43,261,12601.83
12538,29,21,363.95
12539,22,273,5568.35
12540,20,478,13400.24
12541,30,52,981.18
12544,36,19,372.7
12545,75,50,1000.39
12546,47,69,1161.5
12547,198,8,207.8
12548,166,5,95.2
12550,79,57,964.83
12551,358,10,168
12552,39,20,437.82
12553,8,191,3692.28
12556,50,119,599.56
12557,16,33,11990.96
12558,8,11,269.96
12559,311,21,561.71
12560,5,105,2134.01
12561,303,16,238.85
12562,8,168,3781.74
12564,261,21,456.9
12565,289,9,145.92
12566,86,19,351.65
12567,23,446,9401.28
12569,2,188,4124.69
12571,40,34,519.61
12572,9,60,1020.42
12573,227,28,160.54
12574,316,11,218.45
12576,36,88,1315.83
12577,35,146,626.6
12578,21,114,2794.51
12579,78,29,440.42
12580,247,24,415.7
12581,40,15,197.71
12582,239,22,511.36
12583,3,247,7281.38
12584,4,96,2338.15
12585,234,87,2040.1
12586,17,11,196.94
12587,8,4,144
12588,39,10,214.9
12589,29,35,646.68
12590,211,68,9864.26
12591,317,26,452.85
12592,92,18,437.6
12593,109,21,418.1
12594,38,118,3338.22
12596,51,27,618.27
12597,19,206,3811.22
12598,10,132,3023.08
12599,29,62,1032.58
12600,29,64,2599.04
12601,190,28,577.06
12602,59,12,153.12
12603,22,3,739.2
12604,79,16,254.18
12607,60,101,1579.51
12609,78,60,1126.85
12610,23,106,2099.54
12611,52,65,1193.32
12612,74,19,704.04
12613,57,153,3344.38
12614,278,20,315.6
12615,2,105,2291.19
12616,95,32,713.3
12617,29,41,352.98
12618,22,11,177.31
12619,16,90,3641.24
12620,15,92,1339.41
12621,2,467,13689.67
12622,232,11,180.1
12623,276,18,305.1
12624,106,38,641.13
12625,212,86,2683.82
12626,23,294,6620.48
12627,11,230,4478.53
12628,4,41,786.46
12630,10,64,1270.88
12631,57,31,640.5
12633,59,101,2163.98
12635,90,101,1689.18
12637,67,382,6002.9
12638,33,39,671.69
12639,239,22,486.1
12640,24,53,1174.58
12641,115,10,185.9
12642,25,47,1013.26
12643,128,24,3344.64
12644,130,31,477.91
12645,34,73,1775.18
12646,5,45,1346.97
12647,22,122,3722.82
12648,155,21,318.05
12649,107,31,623.51
12650,3,20,314.44
12651,335,9,114
12652,331,48,919.98
12653,149,43,2209.85
12654,11,38,601.98
12656,17,126,4051.17
12657,11,47,1643.18
12658,19,36,686.05
12659,30,5,91.68
12660,11,13,245.1
12662,1,230,3849.78
12664,8,37,4881.88
12665,325,3,63
12667,58,33,620.13
12668,12,161,3807.15
12669,151,101,2744.03
12670,10,92,2996.05
12672,330,10,225.9
12673,5,42,610.52
12674,39,83,1970.6
12676,25,45,1331.39
12678,42,165,17628.46
12679,59,48,1113.02
12680,1,52,862.81
12681,15,638,13787.54
12682,4,524,12279.82
12683,4,344,8476.57
12684,8,105,2283.63
12685,28,157,2863.08
12686,372,7,89.14
12688,114,171,4873.81
12689,26,72,1247.61
12690,206,16,389.01
12691,28,32,1035.8
12693,127,39,855.91
12694,70,37,869.67
12695,7,27,582.1
12697,29,41,957.59
12700,8,268,4939.99
12701,80,53,797.71
12702,20,12,219
12703,71,21,283.55
12704,7,88,2340.84
12705,15,334,6868.29
12707,292,33,603.42
12708,30,157,2712.91
12709,15,207,9706.52
12710,97,77,1149.02
12712,29,133,4396.13
12713,1,38,848.55
12714,9,259,4708.86
12715,106,20,343.36
12716,4,69,1053.49
12717,151,55,1030.98
12718,71,19,238.25
12719,5,39,644.95
12720,3,354,5781.73
12721,32,161,2656.13
12722,85,53,997.63
12723,4,69,725.07
12724,5,53,1031.41
12725,371,24,427.8
12726,28,124,2609.1
12727,11,139,3980.7
12728,71,46,836.33
12729,114,26,453.01
12731,24,274,18895.91
12732,180,12,236.26
12733,234,22,383.95
12734,353,4,110.4
12735,315,43,779.57
12736,333,4,234
12738,372,11,155.35
12739,78,38,1013.04
12740,64,27,427.6
12743,134,131,540.13
12744,52,222,21279.29
12747,2,103,4196.01
12748,1,4413,33053.19
12749,4,199,4090.88
12750,129,15,275.88
12752,81,53,4366.78
12753,23,197,21429.39
12754,236,63,3010.74
12755,281,4,3811.95
12756,87,4,112.08
12757,16,364,7834.65
12758,117,97,2791.59
12759,52,95,1531.44
12762,8,69,1898.52
12763,138,18,494.08
12764,317,45,1693.88
12766,4,310,6989.63
12769,239,32,1143.6
12770,211,12,1351.45
12772,60,55,892.47
12775,17,66,1386.04
12778,20,50,822.23
12779,38,149,3981.36
12781,64,25,826.74
12782,5,103,2330.92
12783,2,84,2225.91
12784,9,57,532.82
12785,364,14,311.95
12787,10,20,463.66
12789,65,4,91.85
12790,192,21,324.92
12791,374,2,192.6
12792,257,25,400.54
12793,335,24,545.48
12794,53,45,860.41
12795,19,14,430.48
12797,366,13,254.03
12798,10,8,6977.04
12802,187,25,427.58
12808,37,28,483.65
12809,178,25,489.31
12811,261,31,514.85
12812,45,15,229.64
12814,102,2,125.92
12815,148,47,1063.46
12816,96,29,572.2
12817,281,4,166.04
12818,262,14,1542.08
12820,3,59,942.34
12821,214,6,92.72
12822,71,46,948.88
12823,75,5,1759.5
12824,60,25,397.12
12826,3,91,1474.72
12827,6,25,430.15
12828,3,56,1018.71
12829,337,11,293
12830,38,38,6814.64
12831,262,9,215.05
12832,32,27,383.03
12833,145,24,417.38
12834,283,18,312.38
12836,59,174,2610.36
12837,173,12,134.1
12838,34,120,671.95
12839,3,314,5591.42
12840,144,113,2726.77
12841,5,414,3991.58
12842,70,34,1118.99
12843,66,103,1702.26
12844,29,52,325.96
12845,267,27,354.09
12847,22,84,843.64
12849,31,48,1010.29
12851,97,47,131.81
12852,295,17,311.55
12853,135,78,1957.1
12854,79,109,1316.25
12855,373,3,38.1
12856,8,311,2170.78
12857,211,46,1106.4
12863,52,5,521.2
12864,138,3,147.12
12865,26,95,1568.23
12866,283,26,559.12
12867,26,534,4009.34
12868,186,107,1607.06
12871,84,11,380.64
12872,327,66,599.97
12873,282,4,374
12875,143,2,343.23
12876,58,85,2218.02
12877,4,154,1535.77
12878,236,47,854.99
12879,45,10,573.22
12881,276,7,298
12882,9,13,1463.04
12883,25,42,703.47
12884,88,7,309.05
12885,63,71,1175.22
12886,68,82,1378.4
12888,214,5,354.12
12890,24,79,376.72
12891,186,3,331
12893,31,31,176.55
12895,42,22,372.8
12897,205,4,216.5
12901,9,116,17654.54
12902,265,10,138.68
12904,18,71,496.06
12906,12,63,2919.81
12908,176,2,750
12909,40,91,2178.67
12910,23,75,3075.04
12912,3,24,1662.3
12913,5,50,2483.63
12915,149,22,363.65
12916,139,103,2944.95
12917,128,2,594
12919,8,50,1335.19
12920,17,27,162.78
12921,9,720,16587.09
12922,161,28,405.38
12923,64,28,172.82
12924,88,30,933.7
12925,5,45,694.05
12928,35,84,2062.7
12929,312,8,117.85
12930,78,25,415.8
12931,22,82,42055.96
12933,24,106,607.53
12935,2,129,2160.7
12936,17,62,1063.9
12937,15,120,1504.27
12938,26,9,114.14
12939,64,47,11581.8
12940,55,96,899.69
12942,131,70,675.6
12944,36,30,604.51
12945,288,23,462.95
12947,144,97,1603.99
12948,16,116,2064.95
12949,31,215,4167.22
12950,2,23,1843
12951,9,63,1064.07
12952,6,79,1387.79
12953,10,17,329.85
12955,1,180,4757.16
12956,306,19,108.07
12957,10,238,4017.54
12962,7,16,266.39
12963,8,95,1856.63
12965,89,108,769.81
12966,10,10,160.18
12967,358,19,1660.9
12968,112,5,135.95
12970,7,129,405.47
12971,4,305,11189.91
12974,198,8,144.8
12976,212,22,738.6
12977,156,9,39.24
12980,158,20,7374.9
12981,30,20,372.22
12982,243,28,390.54
12984,19,4,97.5
12985,1,76,1239.38
12987,74,28,558.7
12988,292,83,505.82
12989,3,64,6924.11
12990,31,13,409.5
12991,23,31,503.76
12993,23,27,414.76
12994,4,61,974.42
12995,85,3,211.32
12997,22,59,1226.89
12999,196,28,455.88
13000,107,31,534.85
13001,4,337,9785.97
13002,318,7,120.95
13003,106,6,149.05
13004,12,404,5655.91
13005,174,26,513.7
13006,56,4,81.57
13008,323,14,229.47
13011,372,3,50.55
13012,9,88,1646.84
13013,1,219,4810.94
13014,11,110,3466.28
13015,53,175,3339.64
13016,73,47,789.89
13017,7,1,204
13018,16,458,7277.7
13021,4,131,2616.38
13023,64,40,689.9
13026,1,40,975.36
13027,114,26,6912
13028,23,45,661.32
13029,31,10,1247.5
13030,11,92,752.44
13032,52,71,1010.18
13033,357,11,190.55
13034,55,37,642.77
13035,74,27,921.88
13037,138,48,881.07
13038,80,28,908.46
13040,9,43,676.99
13043,273,13,516.42
13044,291,33,560.47
13045,99,18,305.28
13046,31,35,629.31
13047,32,172,3237.54
13048,14,135,1819.41
13049,64,14,656.68
13050,15,403,5836.86
13052,212,18,348.15
13055,78,76,1214.41
13058,25,8,271.4
13059,250,8,183.4
13060,254,15,307.53
13061,72,10,248.61
13062,191,11,346.98
13064,13,68,1105.59
13065,373,14,205.86
13066,24,48,470.8
13067,82,15,115.46
13068,10,2,344
13069,1,424,4431.44
13070,192,9,228.8
13072,267,7,177.15
13075,130,22,919.61
13077,1,111,728.02
13078,3,358,12627.94
13079,4,6,220.1
13080,179,6,58.08
13081,12,1028,28337.38
13082,126,73,3613.63
13083,4,18,303.75
13085,158,22,416.08
13089,3,1814,58762.08
13090,9,155,8910.82
13091,28,21,345.82
13092,71,25,477.83
13093,276,159,7832.47
13094,21,24,1927.32
13095,71,6,74.4
13097,33,421,6003.22
13098,1,572,28882.44
13099,99,1,207.36
13101,234,8,101.19
13102,1,304,6424.09
13103,40,8,243.94
13104,3,20,1098.48
13106,133,1,76.5
13107,44,58,1531.62
13108,373,10,350.06
13109,60,47,786.54
13110,31,145,1488.67
13113,1,201,12245.96
13115,12,120,2294.78
13116,138,30,501.14
13117,22,76,984.91
13118,20,79,1197.81
13120,239,1,30.6
13121,269,50,283.73
13122,94,55,922.39
13124,90,222,3756.33
13126,5,140,2099.64
13127,78,15,259.17
13130,94,2,64
13131,23,44,1073.3
13132,262,3,77.3
13133,274,7,109.8
13134,86,98,1793.58
13135,197,1,3096
13136,56,127,2607.61
13137,11,687,3603.29
13138,22,63,962.39
13139,16,170,5064.94
13140,108,45,422.47
13141,85,135,2388.75
13142,19,23,307.09
13144,333,3,110.95
13145,40,6,618.52
13146,26,17,228.91
13147,10,4,712.8
13148,29,312,3683.26
13149,14,86,1676.06
13151,296,74,1257.87
13153,6,15,486.22
13155,33,85,971.76
13157,49,87,1741.22
13158,95,79,1201.06
13159,9,120,1429.35
13160,22,4,91.8
13161,313,8,112.75
13162,122,79,1688.29
13165,46,42,1021.48
13166,283,41,417.2
13167,19,65,791.33
13168,36,126,1299.59
13169,64,13,712.88
13170,27,30,108.81
13171,22,46,468.41
13173,4,43,353.65
13174,16,293,2742.82
13176,46,67,481.49
13177,65,17,282.45
13178,26,265,5725.47
13182,45,11,121.18
13183,8,94,3957.78
13184,15,179,1668.95
13185,268,1,71.4
13186,40,79,1575.89
13187,337,37,236.02
13188,11,2,114.6
13189,19,29,260.68
13192,95,63,911.94
13193,61,25,112.08
13194,136,3,60.7
13196,11,110,1797.78
13198,10,226,3401.24
13199,4,119,9817.12
13200,19,46,870.09
13203,10,57,869.46
13207,15,8,250.26
13208,59,148,1217.65
13209,30,321,5891.61
13210,94,22,353.48
13211,10,55,1095.42
13212,20,141,786.83
13213,57,90,1520.58
13216,268,5,333.74
13217,122,4,533.98
13218,127,5,62.64
13220,78,21,819.29
13221,240,66,847.41
13223,200,5,163.2
13224,60,108,2155.95
13225,3,32,6463.84
13226,273,16,108.21
13227,202,9,257.7
13228,81,2,358
13229,226,10,160.95
13230,4,587,2755.63
13232,13,202,1328.35
13233,74,43,605.12
13235,212,58,1031.07
13236,25,36,744.85
13238,17,31,700.73
13239,262,22,329.56
13240,96,67,663.65
13242,112,13,270.4
13243,203,57,585.12
13244,93,27,121.74
13245,51,16,430.5
13246,18,136,1961.52
13247,18,25,501.12
13248,125,26,465.68
13249,92,23,711.41
13253,157,36,1030.4
13255,9,13,399.51
13256,14,1,0
13258,12,36,672.83
13259,62,81,283.18
13260,61,8,557.62
13261,269,9,944.1
13262,263,11,200.29
13263,1,1667,7436.93
13265,53,90,2092.66
13266,11,187,3834.26
13267,3,211,4521.49
13268,18,433,3174.75
13269,1,315,5343.28
13270,366,1,590
13271,37,87,211.49
13272,31,15,276.56
13273,113,16,138.98
13276,64,30,590.93
13277,16,8,258.4
13278,41,46,542.73
13279,78,9,137.75
13280,122,82,798.46
13282,18,37,1132.14
13283,60,7,93.66
13284,331,13,201.19
13285,23,187,2709.12
13291,156,42,361.11
13292,39,31,578.94
13294,190,54,873.74
13295,360,10,201.2
13296,137,5,87.4
13297,8,59,2089.85
13298,1,2,360
13299,268,5,142.5
13300,169,20,371.89
13301,104,81,618.09
13302,155,1,63.75
13304,351,21,300.42
13305,4,81,2000.86
13307,120,1,15
13308,23,54,1385.51
13309,7,107,1456.79
13310,28,72,1132.03
13311,4,26,598.57
13313,22,78,1555.32
13314,2,62,775.94
13316,37,86,5732.93
13317,66,124,2273.68
13318,1,20,640.76
13319,5,476,10845.55
13320,78,105,1532.2
13321,72,11,567.36
13322,17,25,199.48
13323,3,21,787.85
13324,36,75,7121.95
13325,82,12,675.3
13327,39,108,3627.77
13328,316,17,1308.48
13329,32,17,789
13330,93,53,1140.93
13332,14,21,350.9
13334,82,265,3502.32
13336,77,51,795.12
13338,158,19,487.02
13339,201,54,860.12
13340,45,134,10736.48
13341,261,42,775.85
13343,178,19,353.43
13344,68,116,2511.69
13345,288,20,389.5
13347,70,8,341.36
13348,64,14,233.76
13349,11,16,247.32
13350,16,40,979.12
13351,66,16,373.94
13352,60,24,397.98
13354,71,51,743.53
13355,122,32,674.7
13356,80,42,768.24
13357,257,89,609.4
13358,269,29,439.03
13359,64,23,439.56
13362,9,166,3090.74
13363,18,60,992.5
13364,71,10,134.96
13365,34,128,2225.37
13366,50,1,56.16
13368,257,29,623.4
13369,366,14,308.28
13370,372,39,754.87
13372,90,23,378.64
13373,61,158,3312.25
13375,89,37,778.65
13376,99,53,1019.76
13379,26,97,572.56
13381,32,172,3639.31
13382,281,15,222.99
13384,31,152,4151.93
13385,330,35,534.57
13388,131,35,677.1
13389,11,51,797.96
13390,75,13,544.08
13391,204,1,59.8
13394,2,155,2520.02
13395,185,21,307.72
13396,29,43,1360.99
13397,73,38,1544.13
13398,192,26,457.34
13402,127,39,621.23
13403,18,3,75
13404,1,11,252.49
13405,74,27,572.451
13408,2,478,28117.04
13410,24,28,1003.06
13411,107,18,213.55
13414,134,24,1390.5
13416,44,19,712.5
13417,5,28,640.83
13418,12,304,6127.43
13419,64,16,221.06
13420,150,8,159.85
13421,40,102,1833.71
13422,64,127,2626.3
13425,108,78,1624.21
13426,1,157,3641.32
13427,19,29,582.6
13428,10,71,201.78
13429,11,67,1006.8
13430,19,49,679.45
13431,67,46,1269.1
13434,74,10,534.24
13435,5,101,3809.89
13436,2,12,196.89
13437,14,167,3408.06
13439,255,54,283.71
13441,92,13,296.64
13447,23,59,1129.14
13448,17,194,3534.69
13449,24,19,291.88
13450,27,71,2043.72
13451,26,433,2898.26
13452,259,2,590
13453,166,17,356.98
13455,25,46,1058.34
13456,18,63,1766.72
13458,7,382,9646.57
13460,29,17,183.44
13461,39,27,1445
13462,253,9,151.5
13464,58,41,674.68
13466,184,17,307.9
13467,11,98,1071.91
13468,2,302,5704.97
13470,99,10,165
13471,1,254,2501.84
13473,61,21,422.64
13474,236,62,226.84
13475,191,86,1431.78
13476,179,58,1238.47
13477,38,79,1454.58
13479,201,15,300.95
13481,46,109,1804.56
13482,232,11,184.64
13483,66,10,140.34
13484,241,8,313.8
13485,233,23,454.24
13486,78,69,1122.41
13487,58,34,575.4
13488,17,422,8968.31
13489,105,14,449.52
13491,52,86,1215.82
13492,136,50,1269.84
13493,275,8,618.63
13494,312,18,316.26
13495,8,48,2044.87
13496,11,35,653.33
13497,283,19,348.05
13499,18,42,1159.11
13500,23,65,1166.77
13501,288,52,1340.32
13502,17,18,292
13503,71,17,216.85
13504,64,22,295.93
13505,73,215,4393.63
13506,316,26,458.52
13507,3,162,2479.16
13508,244,12,110.97
13509,9,44,979.72
13510,1,115,1791.56
13512,261,15,251.21
13513,127,10,205.1
13514,74,4,152.2
13515,73,59,891.12
13516,21,44,1389.41
13517,60,141,2128.42
13518,86,36,627.16
13519,78,8,122.75
13520,59,93,3624.35
13521,1,418,1071.73
13522,30,5,125.8
13523,33,172,3964.88
13524,41,27,680.18
13525,15,6,628.78
13527,34,217,2242.36
13529,79,15,307.76
13531,205,22,483.8
13532,34,66,210.31
13533,183,75,269.09
13534,2,296,5870.08
13536,1,178,3444.39
13538,43,25,1280.85
13539,86,37,631.34
13544,40,78,276.06
13546,12,97,621.09
13548,96,123,678.16
13549,26,51,918.2
13551,319,4,91.8
13552,66,109,3740.07
13555,74,135,4098.88
13557,28,34,584.06
13558,6,169,594.52
13560,7,32,171.42
13561,216,14,141.86
13562,82,82,1799.33
13563,84,49,777.53
13564,144,81,1724.67
13565,19,38,240.22
13566,41,169,856.84
13568,173,43,187.05
13569,17,79,338.62
13570,243,27,239.49
13571,13,340,2088.94
13572,206,33,1384.25
13573,50,25,290.25
13575,23,46,732.07
13576,10,126,6717.34
13577,25,83,1687.6
13579,15,23,467.04
13581,309,10,118
13583,156,53,781.03
13584,307,24,142.4
13587,64,8,712.4
13588,16,174,2478.95
13589,15,21,379.65
13590,11,87,1981.92
13591,65,58,1117.13
13592,36,16,247.96
13593,108,127,2011.88
13594,53,26,396.97
13596,6,146,664.11
13598,47,35,160.04
13599,1,246,5149.92
13600,312,19,219.52
13601,45,99,693.32
13602,65,23,428.89
13603,26,27,164.34
13606,29,40,276.75
13607,40,97,675.51
13610,12,215,1082.33
13611,89,72,1154.4
13614,24,195,1585.46
13615,319,23,417.69
13617,40,44,544.18
13618,174,13,177.34
13621,117,19,213.85
13623,31,78,727.74
13626,253,19,257.23
13627,59,92,1638.47
13629,23,59,7792.36
13630,5,71,2031.78
13631,100,11,3070.42
13632,25,145,2118.93
13634,33,186,1547.36
13635,68,62,1071.03
13636,37,63,949.12
13637,52,99,804.3
13638,16,8,122.64
13639,74,40,1033.34
13642,216,57,312.28
13643,31,28,519.44
13644,16,146,2624.26
13645,120,5,252.1
13647,10,78,1648.12
13649,257,23,346.6
13650,17,96,1836.34
13651,35,6,94.2
13652,46,63,1095.08
13654,43,166,2707.33
13655,114,56,932.97
13656,165,49,379.65
13657,11,16,382.14
13658,10,108,2639.17
13659,206,103,1563
13662,86,52,881.26
13663,179,13,189.47
13666,60,12,84.65
13667,149,83,299.05
13668,3,463,6309.83
13669,51,9,218.55
13670,75,25,349.7
13672,301,6,186.39
13673,19,60,387.44
13675,151,25,486.82
13678,152,16,232.6
13680,1,194,3719.12
13681,18,57,827.83
13682,187,3,59.5
13684,286,29,65.13
13685,3,39,3119.44
13686,183,8,72
13689,63,6,910
13690,59,9,172.25
13692,25,53,1488.32
13694,4,568,65039.62
13695,31,90,2504.13
13697,39,12,151.3
13699,155,14,308.58
13700,26,194,2248.63
13703,318,1,99.5
13704,5,134,2308.06
13705,8,28,711.86
13706,303,20,330.79
13707,267,48,806.41
13708,271,49,285.33
13709,4,335,6307.65
13710,32,8,180.48
13711,219,13,252.06
13712,247,10,228.84
13715,281,104,1077.39
13716,269,21,138.28
13717,32,102,1445.01
13718,246,12,306.55
13719,15,60,1041.68
13720,117,43,799.9
13721,36,28,524.14
13722,132,85,2375.41
13723,217,6,199.85
13725,50,104,1980.56
13726,39,42,1079.66
13727,29,20,333.48
13728,37,63,1016.14
13730,136,43,752.6
13731,219,38,610.59
13732,28,33,491.86
13735,25,195,2883.54
13736,5,190,729.8
13737,200,30,339.6
13739,18,3,216.9
13740,241,23,350.75
13741,72,34,668.43
13742,17,313,3107.87
13743,3,41,1341.6
13744,95,63,1080.52
13745,162,25,300.04
13747,374,1,79.6
13748,96,28,948.25
13750,54,24,1647.26
13751,288,9,296.25
13752,124,75,1175.38
13753,288,35,741.26
13754,152,12,282.6
13755,4,321,2108.06
13756,2,142,5189.52
13758,12,117,3190.55
13759,33,25,659.41
13760,54,57,286.79
13761,50,70,1070.65
13762,219,7,306.72
13763,63,15,1714.96
13764,71,207,1519.42
13767,2,368,17220.36
13769,2,135,2796.51
13771,64,119,2634.45
13772,34,173,1122.63
13774,82,22,345
13777,1,197,25977.16
13778,103,9,178.7
13780,7,57,360.01
13781,251,17,127.84
13782,13,113,908.86
13784,10,31,2462.79
13786,367,7,230.4
13787,76,31,309.04
13790,4,45,348.8
13791,128,11,1516
13792,66,13,195.55
13798,1,349,37153.85
13799,117,39,688.86
13800,310,33,558.32
13801,67,23,324.8
13802,139,60,4599.42
13803,255,17,277.07
13804,31,135,2588.39
13805,52,13,924.6
13806,64,10,256.38
13807,367,7,112.6
13808,6,76,1747.66
13809,305,12,155.05
13810,29,35,1499.01
13811,184,13,814.5
13812,42,36,539
13813,40,69,1366.86
13814,92,57,1579.12
13815,22,176,4027.36
13816,24,28,571.67
13817,29,24,382.98
13819,302,36,1140.35
13821,145,59,385.64
13822,6,96,632
13823,19,40,957.66
13824,33,46,1698.94
13826,176,10,189.5
13827,58,92,409.8
13828,22,15,209.49
13831,16,72,2198.45
13832,19,3,52.2
13833,159,28,383.85
13835,25,55,834.57
13837,212,18,266.59
13838,6,165,674.82
13841,253,1,85
13842,59,206,3385.62
13844,11,20,361.62
13845,65,9,312.98
13846,25,55,865.06
13848,92,5,1255
13849,52,101,1537.95
13850,129,93,1595.48
13851,96,81,2651.46
13853,57,23,1090.14
13854,9,110,8109.52
13856,169,14,388.5
13858,57,11,216.17
13859,326,28,201.16
13860,1,76,1245.9
13862,18,139,2209.36
13863,248,20,305.78
13865,58,30,501.56
13866,74,7,145.67
13867,31,60,1005.09
13868,7,33,3192.54
13869,123,304,3083.65
13870,2,115,2770.94
13871,23,336,6403.25
13873,120,23,389.6
13874,358,18,540.45
13875,54,104,1786.79
13876,64,7,122.7
13877,86,3,117.24
13878,55,35,1271.57
13880,21,165,3219.77
13881,4,178,17159.52
13882,3,65,1191.13
13883,11,142,2674.48
13884,7,59,787.6
13885,189,28,506.8
13886,71,16,243.56
13887,204,19,349.55
13888,120,39,595.67
13889,93,15,416.9
13890,1,110,1883.81
13892,27,27,632.97
13893,298,21,821.1
13894,24,27,564.62
13895,28,118,2593.07
13897,50,17,311.16
13898,326,12,155.93
13899,16,19,388.52
13900,183,43,740.95
13901,72,149,2867.2
13904,37,26,332.64
13908,80,122,2369.55
13911,57,148,2580.91
13914,12,33,626.45
13917,50,18,272.04
13918,50,30,1212.84
13919,59,28,384.81
13922,352,7,172.25
13923,54,20,351.13
13924,2,117,1838.85
13925,93,41,678.25
13926,23,11,223.85
13927,75,21,348.99
13928,11,27,464.57
13929,169,9,842.65
13930,58,17,337.34
13931,96,58,1237.53
13932,295,16,307.4
13933,109,23,608.79
13934,264,31,922.1
13936,180,26,376.58
13937,169,9,158.85
13938,35,7,71.66
13939,23,45,568.55
13940,17,49,839.14
13941,22,45,5112.96
13946,79,11,561.57
13947,65,5,90.6
13948,361,3,102
13949,3,160,2427.32
13950,11,35,745.06
13951,176,39,674.45
13952,218,137,3251.071
13953,7,20,3515.68
13954,2,25,439.92
13955,154,33,322.96
13956,5,147,1019.27
13959,79,90,594.04
13960,21,12,230.22
13962,22,11,169.55
13963,308,35,664.54
13967,146,2,80.7
13969,7,619,9024.17
13971,19,149,2758.26
13972,71,15,190.25
13973,287,11,264.7
13974,49,28,413.59
13975,31,329,2461.24
13976,207,10,357.98
13978,15,15,196.79
13979,73,54,869.87
13980,60,11,200.14
13982,39,111,1871.81
13983,30,107,2603.43
13984,27,16,920.51
13985,4,351,7060.13
13986,17,13,320.46
13988,20,234,4147.96
13989,66,41,1266.08
13990,213,16,311.3
13991,12,82,852.88
13992,30,5,76.8
13993,43,121,3466.36
13994,4,148,2274.14
13995,15,86,1393.69
13999,10,208,3901.81
14000,211,15,635.66
14001,46,39,2043.08
14002,134,47,529.73
14004,43,171,4582.64
14005,10,84,2874.72
14006,116,30,962.19
14009,198,42,695.61
14012,278,11,328.8
14013,110,34,473.02
14014,77,39,505.18
14015,53,20,917.34
14016,162,161,4341.21
14019,47,66,1421.61
14020,17,39,642.8
14021,155,22,631.9
14022,225,28,440
14023,7,31,584.07
14024,122,16,327.7
14027,61,6,104.82
14029,63,15,467.66
14030,18,242,2358.84
14031,7,250,17286.86
14032,2,143,2975.59
14034,22,86,648.89
14035,29,66,1428.02
14036,285,38,626.65
14037,176,28,147.2
14038,78,92,1560.38
14039,33,6,152.2
14040,41,229,3560.32
14041,266,21,141.41
14044,27,206,646.42
14045,109,6,1659.75
14046,284,14,154.99
14047,9,32,1308.61
14048,305,85,409.93
14049,17,478,5578.72
14050,32,54,746.36
14051,1,210,15610.39
14052,20,56,225.36
14053,124,4,260.25
14054,65,6,92.46
14055,106,10,725.64
14056,1,1088,8152.71
14057,24,283,6211.66
14059,267,8,183.6
14060,5,202,6140.42
14062,10,111,10464.85
14064,29,77,1334.34
14066,267,7,152.55
14067,64,52,374.7
14068,320,24,265.85
14071,4,323,1437.57
14073,32,13,151.04
14075,5,43,942.26
14076,129,44,118.67
14077,41,42,499.42
14078,102,65,1049.37
14079,125,12,375.1
14080,33,4,45.6
14081,302,150,921.62
14082,365,29,182.25
14083,4,177,1002.9
14085,2,448,4421.29
14087,3,68,191.47
14088,10,589,50491.81
14089,57,13,158.75
14090,325,1,76.32
14092,8,214,4076.91
14093,12,100,433.86
14096,4,5111,65164.79
14098,37,21,147.35
14099,16,250,3104.17
14100,138,25,191.95
14101,74,35,5976.79
14102,5,58,1105.88
14104,155,21,216.21
14105,239,74,1266.23
14107,52,123,2703.23
14108,31,34,597.91
14109,73,9,144.2
14110,4,156,5683.15
14111,14,10,692.85
14112,23,160,2915.15
14113,4,34,1840.42
14114,274,15,386.53
14116,20,72,1382.74
14117,144,3,90
14121,4,159,2780.15
14124,84,5,419.58
14125,11,166,2720.63
14126,8,15,706.13
14127,123,44,709.71
14128,61,46,637.5
14129,2,52,1123.86
14130,319,66,480.91
14132,2,200,3586.03
14133,130,28,605.64
14135,2,134,4690.31
14138,2,46,965.88
14139,46,26,415.82
14140,4,66,935.05
14141,3,40,915.13
14142,373,22,311.81
14143,134,7,115.8
14145,47,11,3742.2
14146,9,210,4191
14147,78,5,483.4
14148,234,3,157.2
14149,221,28,446.62
14150,36,26,658.64
14152,75,49,621.29
14154,239,52,1345.62
14155,266,6,118.75
14156,10,1395,117210.08
14157,20,46,424.89
14158,40,41,507.66
14159,20,1175,4630.35
14161,216,104,1097.62
14162,174,25,289.36
14163,87,52,2445.91
14164,71,29,1631.77
14165,276,24,120.44
14167,39,50,562.59
14171,98,58,363.79
14173,11,29,450.84
14174,33,26,134.46
14175,60,149,3222.3
14176,297,31,576.9
14177,86,41,549.46
14178,9,318,1600.26
14179,41,157,701.57
14180,11,240,4748.52
14184,67,24,452.89
14185,331,3,197.65
14188,31,65,2054.36
14189,2,265,4654.08
14191,2,259,4684.76
14193,68,42,853.39
14194,5,579,11349.52
14195,202,7,1012
14196,107,6,335.52
14198,18,39,701.4
14199,218,2,185.4
14201,60,37,747.44
14204,2,39,150.61
14205,17,24,466.7
14206,239,20,328.16
14208,95,10,151.74
14209,11,87,2073.43
14210,106,102,1905.84
14211,53,112,2241.1
14212,90,9,1070.48
14214,31,67,1004.38
14215,12,108,1789.72
14216,3,59,1839.3
14217,2,100,2004.98
14218,43,12,169.48
14219,4,7,89.94
14220,247,21,632.4
14221,42,193,3432.8
14222,177,41,683.17
14223,92,60,991.13
14224,110,113,1009.73
14226,29,66,2214.79
14227,26,175,3350.96
14229,52,40,1547.2
14231,184,50,925.71
14232,43,115,2048.07
14233,49,35,1462.72
14234,22,147,754.12
14235,75,79,3144.86
14236,81,15,490.86
14237,373,9,161
14238,326,8,146.85
14239,43,112,2380.85
14240,30,42,890.34
14241,184,10,213.7
14242,235,16,280.55
14243,9,141,2588.77
14245,220,108,1693.45
14246,111,75,1474.06
14247,278,20,136.77
14248,318,8,302.58
14250,7,111,1904.05
14251,2,78,2879.7
14256,260,53,969.06
14257,64,106,3099.72
14258,9,111,12669.98
14259,142,5,120
14261,51,52,1163.45
14262,8,143,2618.23
14264,155,17,333.97
14265,109,31,530.18
14267,163,55,1516.24
14270,332,29,492.65
14271,226,10,112.32
14272,74,33,437.96
14273,51,29,559.97
14276,99,64,1119.74
14277,15,222,4188
14280,197,8,134.04
14282,3,154,3701.44
14284,31,32,595.25
14285,21,27,1910.01
14286,24,280,4628.75
14287,8,9,176.63
14288,213,16,426.6
14289,9,47,911.26
14290,11,101,2314.65
14291,2,237,3883.25
14292,8,100,4871.93
14293,3,61,1046.56
14295,40,5,166.2
14297,18,62,1305.33
14298,8,1637,51527.3
14299,8,143,3965.62
14300,19,3,43.2
14301,117,13,640.14
14304,223,17,383.45
14305,71,105,1858.96
14306,51,33,2093.32
14307,89,180,2995.72
14309,8,117,2352.53
14311,243,20,310.26
14312,47,87,1611.59
14314,107,8,120
14315,45,101,2481.13
14317,65,24,508.58
14320,207,31,477.79
14321,11,123,1530.75
14323,115,36,605.06
14326,242,8,183.85
14327,163,12,311.65
14329,17,258,4975.24
14331,124,28,462.66
14332,23,25,840.21
14333,68,15,415.2
14334,17,162,2552.21
14335,16,60,454.86
14336,17,90,1614.91
14338,161,31,588.22
14339,243,14,309.52
14340,219,6,134.7
14341,45,128,2166.98
14342,21,21,668.56
14344,127,71,889.93
14345,39,6,108.98
14346,121,60,1021.58
14348,260,18,409.57
14349,10,31,133.5
14350,274,18,282.93
14351,165,1,51
14352,157,47,1078.96
14353,215,6,90.6
14354,6,9,163.62
14355,366,11,174.4
14356,80,33,701.23
14357,43,40,225.12
14359,19,55,912.18
14360,32,117,2118.03
14362,22,37,151.5
14364,109,69,3717.35
14367,8,521,9227.82
14368,320,8,155
14371,295,4,100.5
14373,358,4,76.55
14375,185,66,235.56
14377,191,11,617.05
14379,44,46,348.1
14381,52,56,202.68
14382,26,126,615.49
14383,38,59,1247.69
14385,9,14,202.11
14386,297,7,142.4
14387,33,139,1727.6
14388,10,186,3212.84
14389,65,45,1043.46
14390,10,284,4642.57
14393,218,5,67.95
14395,2,348,3479.91
14396,65,73,487.99
14397,3,87,2612.96
14400,149,25,574.7
14401,4,182,4051.48
14403,130,20,1475.81
14404,34,100,1449.32
14406,119,8,156.75
14407,107,73,2157.73
14408,11,106,2599.03
14409,71,54,2059.45
14410,92,190,1100.27
14411,311,14,1063
14412,43,43,770.03
14413,362,22,121.05
14414,92,97,1496.98
14415,1,579,5855.57
14416,22,14,490.22
14418,4,124,1937.25
14419,11,202,1051.79
14420,99,29,387.52
14421,57,27,813.11
14422,1,222,4263.64
14423,218,3,265.2
14424,18,1,322.08
14426,24,224,4481.67
14427,50,17,363.34
14428,7,137,1224.06
14431,303,17,470.36
14432,10,377,2248.5
14434,22,12,1372.8
14436,99,9,89.06
14437,366,5,63
14438,306,9,131.9
14439,320,32,2661.24
14440,8,55,2357.68
14441,1,51,1712.89
14442,205,63,1589.82
14443,54,93,1420.2
14446,1,277,1010.35
14447,19,70,1163.23
14448,9,20,375.35
14449,19,250,885.8
14450,181,40,483.25
14451,60,105,643.9
14452,11,60,259.05
14453,190,22,119.93
14456,5,947,3017.28
14457,311,4,113.64
14459,155,37,1837.92
14460,110,16,434.34
14461,148,180,2103.06
14462,66,233,1980.57
14463,98,6,529.62
14465,247,123,1038.44
14466,29,72,2272.4
14467,18,89,596.26
14470,12,43,461.19
14472,104,265,1852.67
14473,74,7,234.34
14474,46,29,547.66
14475,72,42,925.85
14476,257,17,193
14477,20,10,1309.6
14479,254,18,316.25
14480,11,13,279.05
14481,165,30,636.51
14482,18,137,2022.81
14483,282,9,137.1
14484,50,14,321.92
14485,39,46,162.8
14487,27,140,1165.48
14488,68,46,1064.28
14489,207,30,463.38
14491,175,17,340.93
14493,7,120,2383.24
14494,26,7,139.56
14495,51,6,123.8
14496,312,19,538.81
14497,309,29,475.37
14498,43,193,1957.32
14499,26,190,808.44
14500,88,7,356.85
14501,184,10,251.21
14502,20,608,2429.83
14503,3,164,3543.26
14504,47,107,673.26
14505,17,785,5859.43
14506,17,295,1960.65
14507,24,95,1367.88
14508,22,55,268.05
14511,11,68,1314.81
14512,188,23,275.28
14513,101,12,455.59
14514,61,69,990.2
14515,18,98,2076.89
14517,33,18,330.45
14518,64,16,174.37
14520,2,4,270.6
14522,24,17,974.54
14523,108,12,241.09
14524,32,197,1843.83
14525,20,282,4215.9
14527,3,971,8507.13
14528,37,18,364.22
14529,60,213,578.61
14530,26,213,2862.11
14532,236,64,932.85
14533,25,62,1949.72
14534,3,508,4397.3
14535,60,328,2854.84
14536,260,18,170.95
14537,58,10,355.56
14538,65,19,388.25
14539,16,32,537.48
14540,10,71,952.66
14541,59,105,1453.35
14542,186,5,103.25
14543,29,71,3599.73
14544,24,111,2004.3
14546,5,397,2573.93
14547,4,355,3974.75
14548,151,4,652.8
14549,311,56,289.24
14550,11,47,757.37
14551,18,10,186.23
14552,152,57,164.22
14553,19,113,859.27
14554,10,203,2279.49
14555,57,19,312.54
14557,85,16,788.38
14560,7,74,2237.77
14561,76,69,1080.76
14562,4,419,5006.77
14565,96,127,3099.12
14566,111,4,1432
14567,57,33,1530.36
14569,1,12,227.39
14570,281,29,218.06
14572,3,262,2804.54
14573,180,227,1639.82
14576,372,1,35.4
14577,13,123,859.71
14578,3,24,168.63
14581,17,17,138.6
14582,41,6,114.11
14583,6,302,986.96
14584,169,98,1033.06
14585,50,29,157.05
14586,277,19,237.36
14587,19,371,1580.29
14589,372,3,39.75
14591,15,176,1320.21
14592,35,158,557.94
14593,22,151,617.15
14594,7,52,363.33
14595,20,102,1740.6
14597,11,47,866.24
14598,44,50,221.97
14600,306,25,393.33
14601,11,7,213.96
14603,275,2,660
14606,1,2677,12076.15
14607,16,81,16209.5
14608,4,20,1785.15
14609,72,4,601.56
14616,243,3,406.08
14618,9,16,553.44
14619,246,20,394.44
14620,206,26,412.78
14621,1,92,1788.36
14622,185,21,320.58
14623,32,133,886.7
14624,57,13,225.85
14625,196,53,899.63
14626,24,122,2791.27
14628,91,24,671.96
14629,4,150,955.26
14631,51,41,1006.98
14632,263,8,114.56
14633,266,20,344.9
14636,36,28,609.85
14638,51,16,443.6
14639,52,172,2984.49
14640,24,105,2107.38
14641,22,7,110.46
14642,59,2,96.12
14643,170,31,693.81
14644,68,26,830.76
14645,157,30,597.09
14646,2,2080,280206.02
14647,201,28,236.04
14649,5,186,1402.59
14651,67,101,653.75
14652,77,29,114.18
14653,1,234,1926.65
14655,8,49,1932.23
14656,169,80,291.05
14657,18,126,848.22
14658,5,29,247.15
14659,9,253,2529.93
14660,87,30,285.74
14661,27,4,107.95
14662,29,157,741.37
14664,20,98,636.24
14665,61,90,1835.7
14666,24,14,195.25
14667,11,567,9175.04
14669,242,166,1259.24
14670,280,123,392.86
14672,235,61,765.55
14673,3,74,1736.4
14675,16,97,596.36
14676,31,42,2548.24
14680,25,258,28754.11
14681,71,7,498.95
14682,188,2,52
14684,26,390,1201.51
14687,107,15,628.38
14688,8,324,5579.1
14689,209,13,112.8
14690,44,48,355.05
14691,31,71,2114.33
14692,137,68,591.55
14693,265,8,172.9
14696,4,130,2078.95
14697,218,22,188.61
14698,2,200,1217.27
14699,214,8,109.13
14700,32,112,2195.1
14701,11,327,2526.09
14702,1,342,3251.79
14703,15,22,318.17
14704,11,393,1493.96
14705,199,1,179
14708,3,28,1126.37
14709,15,196,4921.04
14710,14,136,599.48
14711,10,345,2839.62
14712,29,25,917.07
14713,9,338,2662.2
14714,24,10,160.19
14715,25,71,867.38
14716,43,51,307.51
14719,2,235,1581.84
14720,6,37,663.81
14722,147,28,180.42
14723,10,259,1122.36
14725,25,47,655.58
14727,274,10,268.58
14729,374,71,313.49
14730,1,462,1897.57
14731,47,45,380.02
14732,8,147,2702.49
14733,16,202,9585.91
14735,4,194,6065.69
14737,4,17,1164.55
14738,43,54,1314.45
14739,4,60,3902.28
14740,197,89,1448.21
14741,12,59,1400.34
14744,16,26,1099.98
14745,113,69,1220.26
14747,249,18,328.2
14748,29,89,1415.75
14752,44,5,389.64
14753,87,30,563.15
14754,45,41,638.05
14755,10,235,5010.28
14756,15,38,738.96
14757,75,19,420.5
14758,145,71,1484.06
14759,5,102,1625.97
14760,297,5,89.2
14761,59,11,255.9
14762,264,21,300.52
14764,47,6,278.3
14765,29,39,254.11
14766,8,135,2473.37
14768,17,5,192.6
14769,3,1062,10416.98
14770,232,52,876.42
14772,112,9,139.26
14775,58,60,1011.9
14776,51,117,2538.3
14778,127,35,730.86
14779,281,41,386.15
14780,55,27,447.68
14782,320,6,200.1
14784,26,15,289.99
14785,10,3,77.4
14788,7,30,679.44
14789,29,6,197.64
14790,17,46,745.06
14792,64,2,6.2
14793,21,14,228.99
14794,3,80,1319.91
14795,166,6,131.45
14796,1,1132,7975.49
14798,53,12,173.74
14799,51,13,157.7
14800,48,383,4331.79
14801,61,57,189.34
14803,162,44,845.55
14804,9,12,353.27
14805,15,46,546.4
14806,75,11,193.39
14808,40,231,2718.6
14810,41,254,2085.33
14813,370,29,152.88
14815,37,53,778.5
14816,197,4,271.85
14817,200,63,1110.34
14818,74,48,657.8
14819,64,13,272.07
14820,21,29,507.29
14821,367,2,48.8
14823,180,70,321.43
14824,10,29,1127.71
14825,4,120,2221.01
14828,197,17,2139.76
14829,29,42,697.55
14830,53,39,188.88
14834,18,67,1720.3
14836,10,6,102.45
14837,90,108,1649.5
14840,268,4,62.85
14841,53,138,3295.76
14842,44,145,2824.69
14844,64,130,3189.81
14847,149,13,309.4
14849,22,388,7930.54
14850,312,21,325.75
14851,23,28,511.35
14852,58,143,2836.69
14853,24,9,475.8
14854,78,126,2740.03
14855,119,20,645.65
14856,36,65,1290.53
14857,60,60,1173.12
14859,13,58,1353.74
14860,19,11,170.32
14861,52,6,125.79
14862,26,48,841.2
14863,29,11,266.76
14865,7,4,52.2
14866,11,99,14389.9
14867,186,36,710.28
14868,3,144,2953.59
14869,9,70,721.45
14870,262,13,327.25
14871,3,93,501.28
14873,210,28,519.68
14875,108,47,1465.32
14878,13,122,1476.09
14880,77,46,690.59
14881,20,17,255.4
14882,27,11,589.7
14883,19,53,761.59
14885,132,15,765.32
14886,253,18,364.8
14887,79,6,1862
14888,207,20,369.2
14889,336,10,135.9
14890,254,7,125.65
14891,148,33,554.38
14893,10,73,1237.85
14894,85,23,655.75
14895,8,498,11138.71
14896,205,43,468.77
14897,8,55,1366.38
14898,23,109,1269.31
14901,11,96,1421.29
14902,26,20,332.66
14903,21,350,2795.33
14904,2,69,1025.44
14905,158,17,616.15
14907,3,165,3501.1
14908,74,9,277.8
14910,3,30,434.35
14911,1,5672,143711.17
14912,17,27,867.85
14913,36,87,1227.43
14915,91,12,307.48
14916,71,77,1268.98
14918,116,45,1610.15
14920,213,57,977.77
14921,30,78,1316.07
14923,51,44,749.1
14924,246,10,310.05
14929,32,11,223.88
14930,109,127,2362.96
14931,5,41,1257.68
14932,366,17,363.53
14934,82,87,1890.94
14935,297,10,1784.71
14936,34,364,8137.02
14937,57,34,1621.88
14944,30,170,5900.25
14946,14,3,100.9
14947,72,14,290.82
14948,23,63,1101.97
14950,19,19,371.2
14951,79,20,311.69
14952,60,138,8099.49
14953,25,54,285.67
14954,12,77,294.85
14957,253,12,58.49
14958,147,41,483.73
14959,64,59,695.42
14960,8,27,221.27
14961,11,312,7044.68
14962,271,5,126.7
14963,10,192,1472.34
14964,247,13,206.21
14965,96,81,596.09
14966,15,36,183.02
14967,50,6,463.8
14968,30,37,147.59
14970,68,34,1592.06
14971,35,155,1097.98
14972,128,18,114.77
14973,107,32,1314.45
14974,37,17,89.94
14975,57,11,279.94
14976,57,72,790.86
14978,72,214,1921.37
14981,246,8,102.12
14984,19,39,202.37
14985,198,83,292.01
14987,16,4,326.4
14988,212,40,334.54
14995,39,60,231.98
14997,46,26,546.2
14998,170,74,414.87
15000,48,77,490.52
15002,116,115,1641.76
15004,147,154,1220.77
15005,16,1112,6295.37
15006,51,132,480.38
15007,159,12,156.91
15009,12,180,1259.43
15010,36,20,308.94
15012,54,122,405.04
15014,43,33,257.67
15016,173,20,170.04
15017,34,20,125.58
15018,39,31,496.21
15019,267,66,252.81
15021,9,444,1871.77
15022,12,121,852.39
15023,3,553,6720.41
15024,10,152,1636.43
15025,33,67,361.96
15026,80,61,469
15027,31,35,1066.15
15028,8,48,627.13
15030,72,7,518.28
15031,4,110,653.19
15032,256,52,4959.1
15033,5,501,2557.18
15034,16,390,4274.16
15035,90,27,252.73
15036,72,119,429.56
15038,59,125,685.74
15039,10,1477,19766.59
15041,170,66,179.93
15042,199,5,135.93
15043,31,3,537
15044,19,444,7634.73
15045,152,12,735.66
15046,9,201,5090.42
15047,270,22,343.62
15048,65,94,381
15049,274,3,121.17
15050,25,76,1737.69
15051,23,142,1383.36
15052,319,28,207.73
15053,5,69,693.95
15054,12,114,302.1
15057,275,25,1489.5
15058,25,266,2102.54
15059,41,237,1337.72
15060,8,115,294.25
15061,4,403,54534.14
15062,71,57,987.86
15063,213,5,370.8
15065,38,155,3158.13
15066,53,42,893.59
15067,78,82,1744.76
15068,46,104,553.36
15069,179,70,1109.53
15070,373,1,106.2
15071,94,26,982.07
15073,10,54,1043.41
15074,105,41,735.67
15075,78,27,773.03
15076,173,49,880.85
15078,7,440,9743.11
15079,213,47,895.61
15081,22,33,504.8
15083,257,5,88.2
15087,282,15,306.94
15088,21,57,1160.07
15089,10,145,2420.84
15090,308,23,381.32
15091,68,30,480.71
15092,215,26,457.81
15093,18,108,4597.02
15095,104,47,1370.6
15096,43,11,219.39
15097,4,25,248.08
15098,182,3,39916.5
15099,84,23,410.48
15100,334,3,876
15101,9,8,317.53
15103,31,35,703.36
15104,197,67,993.54
15105,18,101,2298.93
15106,18,100,1422.52
15107,311,17,319.5
15108,142,60,1300.25
15109,246,28,484.95
15110,24,35,996.1
15111,29,84,1567.48
15113,10,97,3509.43
15114,30,197,2760.56
15115,18,21,340.11
15116,18,45,1352.75
15117,15,79,1551.78
15118,134,1,244.8
15119,246,14,266.4
15120,134,21,358.82
15121,50,28,457.72
15122,114,82,1633.78
15123,7,106,2199.31
15124,23,15,184.19
15125,25,127,11528.48
15127,66,16,406.53
15128,60,102,1471
15129,50,84,3447.4
15130,170,22,330.11
15132,18,52,977.93
15133,128,29,982.42
15134,15,73,1387.99
15135,239,9,139.05
15136,3,68,1286.7
15139,240,13,178.96
15140,52,80,2354.25
15142,46,26,498.74
15143,226,14,259.45
15144,8,217,6580.44
15145,4,67,1194.73
15146,165,91,1327.16
15147,240,28,623.5
15148,11,20,301.29
15149,134,23,520.8
15150,17,341,5291.33
15152,10,271,4745.69
15153,31,22,329.25
15154,75,71,254.28
15156,1,55,961.49
15157,4,125,1936.07
15158,45,7,401.4
15159,2,710,18641.01
15160,357,4,158.16
15163,18,29,304.47
15164,69,101,824.58
15165,373,27,487.75
15167,321,39,158.8
15168,26,5,106.56
15171,331,5,1289.5
15172,9,110,1624.05
15174,323,11,135.75
15175,72,23,224.14
15178,260,3,40.5
15179,18,93,2206.95
15180,367,6,87.5
15181,66,16,689.48
15182,154,29,622.85
15184,29,62,402.2
15185,70,21,310.62
15186,14,19,411.41
15187,2,91,4777.18
15189,1,212,16225.39
15192,120,51,1044.32
15193,61,19,499.32
15194,3,310,7616.53
15195,3,1,3861
15197,11,32,1079.61
15198,92,10,193.64
15199,59,13,1268.7
15201,87,69,1236.54
15203,26,142,1827.8
15204,357,9,316.58
15205,85,37,653.24
15206,10,9,420.3
15208,1,42,870.12
15210,225,20,331.18
15211,60,52,894.41
15212,241,5,101.8
15213,319,24,328.35
15214,2,110,1661.44
15215,47,35,734.94
15216,88,2,96.6
15218,11,166,5756.89
15219,176,9,305.75
15220,52,117,1778.96
15221,366,5,403.25
15222,319,5,585
15223,226,20,755.75
15224,358,14,322.08
15225,234,23,409.4
15226,311,8,154.41
15227,37,58,1219.4
15228,66,125,3386.71
15230,239,23,429.6
15232,113,31,612.06
15234,277,14,197
15235,218,143,2247.51
15236,299,15,321.05
15237,2,99,1412.32
15238,29,50,1071.99
15239,10,49,780.59
15240,45,78,1706.57
15241,67,110,1756.44
15243,74,22,316.68
15244,65,34,631.57
15245,134,89,2515.84
15246,238,33,514.15
15247,122,6,356
15249,32,350,6688.46
15251,9,111,10484.99
15252,36,44,740.78
15253,16,53,918.2
15254,127,18,300.36
15255,67,47,890.85
15256,149,6,98.45
15257,283,7,317.15
15258,169,34,623.16
15260,100,77,1810.77
15261,135,19,254.82
15262,324,10,178.95
15263,107,12,156.51
15264,64,23,393.74
15265,151,82,1506.12
15266,338,6,119.3
15267,22,11,1717.36
15269,24,2,408.8
15270,16,41,2379.49
15271,7,264,2493.34
15272,57,63,721.94
15274,4,47,716.57
15275,38,41,615.14
15276,66,49,128.63
15277,47,12,255.9
15279,355,19,290.51
15280,172,16,113.12
15281,59,139,2332.15
15286,50,3,240.55
15287,22,20,486.69
15288,43,88,2306.52
15289,29,58,939.78
15290,5,204,7943.22
15291,26,103,4668.3
15292,201,24,178.39
15296,51,194,3672.86
15297,10,39,641.94
15298,2,192,4799.9
15299,67,7,4507.01
15300,64,28,496.44
15301,51,242,5049.95
15303,290,31,574.02
15304,61,23,694.4
15306,64,58,1174.35
15307,96,12,205.3
15308,274,19,310.47
15311,1,2366,60632.75
15312,75,47,924.85
15313,110,1,52
15314,199,24,327.97
15315,64,37,570.5
15316,327,1,165
15318,4,33,312.62
15319,284,16,204.5
15320,44,36,267.13
15321,71,95,2748.31
15322,86,42,679.68
15325,104,48,161.74
15326,334,29,311.71
15327,53,10,208.75
15329,39,57,1049.7
15330,32,13,714.96
15332,366,35,1661.06
15333,208,16,1028.56
15334,157,98,350.82
15335,54,35,170.22
15339,66,86,574.07
15341,81,17,2020.52
15342,130,24,406.09
15343,87,21,364.5
15344,1,26,563.94
15345,46,20,393.54
15346,333,17,252.42
15347,366,5,201.6
15348,72,9,158.04
15349,158,71,463.91
15350,373,5,115.65
15351,12,219,1934.66
15353,255,61,770.12
15355,29,14,277.05
15356,31,499,2718.03
15358,5,551,8347.2
15360,40,13,427.93
15361,362,7,418.92
15363,373,16,326
15364,96,29,913.19
15365,26,114,2314.32
15366,75,44,602.51
15367,57,95,1877.59
15368,21,4,446.94
15370,41,94,2386.05
15372,137,27,2007.4
15373,8,132,2415.91
15374,129,3,168
15376,40,116,1221.56
15379,169,194,3703.29
15380,9,36,1690.26
15381,214,8,596.85
15382,15,302,5955.71
15384,170,41,642.41
15385,40,12,316.88
15386,186,31,394.14
15388,270,10,140.54
15389,172,1,500
15392,5,84,1535.53
15393,16,12,231.86
15394,10,85,2183.54
15395,326,7,107.45
15396,113,14,288.18
15397,290,6,94
15398,16,73,1345.53
15399,1,50,815.77
15400,92,12,716.2
15402,149,42,626.77
15405,189,8,349.1
15406,31,53,510.71
15407,34,148,1046.74
15408,264,34,267.18
15410,84,122,3450.84
15411,26,98,1348.93
15412,171,10,190.53
15414,10,39,774.9
15415,313,47,559.61
15416,65,192,3984.32
15417,85,28,508.8
15419,25,8,135.86
15421,59,53,950.36
15422,323,6,97.7
15423,38,2,43.5
15424,254,17,383.34
15426,19,275,1404.07
15427,33,292,1430.54
15428,15,6,93.78
15429,27,82,397.35
15432,23,10,171.19
15433,214,41,533.3
15434,8,55,1041.48
15435,22,29,149.29
15436,12,291,1067.75
15437,262,45,200.16
15438,131,25,156.58
15440,55,62,383.68
15442,249,2,594
15443,2,372,3213.59
15444,9,214,1411.21
15445,264,5,113.5
15447,331,9,155.17
15448,313,28,494.64
15449,26,60,974.52
15450,30,30,429.84
15452,30,56,528.48
15453,2,279,1371.77
15454,362,25,179.1
15456,283,58,434.59
15457,262,58,237.07
15458,25,7,161.64
15460,354,56,214.26
15462,94,11,234.6
15463,29,7,126.14
15464,338,155,1044.65
15465,20,97,7354.62
15466,85,57,334.53
15467,9,52,524.88
15468,51,24,467.51
15469,50,24,538.55
15471,2,73,454.48
15472,113,76,371.56
15473,14,11,1771.2
15475,77,29,454.11
15478,40,44,1399.92
15480,116,45,905.5
15482,16,97,10879.76
15483,161,84,225.26
15484,1,187,3590.41
15485,30,85,2564.5
15488,93,2,91.32
15489,23,50,1134.28
15491,95,154,3100.09
15492,28,35,659.46
15493,33,289,1953.41
15494,21,122,1280.58
15497,18,15,1262.2
15498,3,512,13316.4
15500,8,68,1131.56
15502,16,213,10384.93
15503,363,66,141.04
15504,81,13,52.83
15505,53,97,3610.96
15506,23,161,972.08
15507,172,45,475.86
15508,189,92,1000.27
15510,331,1,250
15511,12,158,900.53
15512,156,7,121
15513,33,308,14758.22
15514,12,166,4023.72
15516,45,15,62.43
15517,233,27,267.03
15518,64,210,1921.55
15520,2,18,343.5
15521,40,185,3000.2
15522,33,56,397.99
15523,84,10,412.01
15524,25,1,440
15525,2,156,734.37
15526,33,4,148.44
15527,19,162,2428.53
15528,254,26,229.33
15529,23,662,3962.6
15530,22,107,1497.31
15531,8,219,1972.39
15532,25,251,1564.73
15533,19,83,807.57
15535,173,72,502.9
15537,163,24,110.92
15539,7,41,538.46
15540,11,15,213.3
15541,114,29,85.13
15543,288,28,127.86
15544,9,259,3546.71
15545,54,80,288.97
15547,7,695,4910.6
15549,77,114,1681.46
15550,4,61,575.63
15551,37,29,436.06
15552,217,17,90.12
15553,60,55,428.93
15554,278,14,217.2
15555,12,887,4794.86
15556,24,31,279.77
15557,29,19,468.91
15561,12,27,800.59
15562,352,1,134.55
15563,22,113,1400.44
15565,50,8,173.16
15567,19,7,186.01
15568,3,53,758.29
15569,104,31,1375.71
15570,7,319,4148.82
15571,12,57,650.43
15572,5,212,2533.42
15573,32,97,591.19
15574,178,152,675.64
15576,38,43,921.37
15577,151,39,258.88
15578,162,13,127.1
15579,69,48,327.6
15581,121,147,3675.77
15582,25,44,682.91
15584,24,122,720.86
15585,177,31,455.3
15587,50,9,913.68
15589,256,29,478.53
15592,47,24,388.58
15593,71,5,199.8
15594,16,103,1771.78
15596,101,77,1406.59
15597,35,22,324.57
15598,53,14,240.68
15599,27,52,761.74
15601,11,410,6776.56
15602,8,47,1297.87
15603,79,2,48.48
15604,52,17,216.39
15605,36,67,1198.23
15606,61,77,2920.16
15607,337,13,104.76
15608,28,60,1093.68
15609,184,16,298.48
15610,52,6,112.46
15611,10,43,1591.45
15612,36,6,195.15
15615,10,423,10399.74
15618,33,45,776.851
15619,11,3,336.4
15620,57,100,1553.18
15621,4,16,1293.03
15622,43,185,3709.56
15623,141,19,301.03
15624,117,34,588.13
15625,104,64,1534.26
15626,75,49,675.8
15628,5,155,2870.24
15630,45,60,1186.35
15632,16,167,3285.31
15634,17,15,243.55
15636,90,25,724.76
15637,53,15,223.36
15639,134,25,425.32
15640,4,476,12416.11
15641,105,119,1887.2
15643,192,33,664
15644,166,232,803.54
15645,19,52,612.01
15646,158,35,447.64
15648,204,24,639.5
15649,336,2,816
15651,37,32,646.3
15652,91,21,337.74
15653,93,6,877.44
15654,9,21,922.53
15655,243,34,560.67
15656,45,47,748.5
15657,23,1,30
15658,190,48,1024.1
15659,44,11,306.45
15660,25,90,1600.86
15661,317,5,309.8
15663,106,9,138.14
15664,51,17,386.43
15665,168,115,2222.21
15667,40,13,301.32
15668,218,1,76.32
15669,40,33,684.34
15670,297,12,173.05
15671,19,78,2657.13
15673,88,138,2726.23
15674,73,114,2446.6
15675,81,21,323.69
15676,19,202,3435.76
15677,49,33,657.23
15678,53,12,352.7
15679,24,110,781.28
15680,9,78,1333.68
15681,25,53,1426.16
15683,117,10,193.75
15687,9,166,2993.1
15689,120,9,254.1
15690,4,19,239.76
15691,252,2,136.8
15692,28,12,191.04
15694,1,78,6479.4
15695,267,22,409.98
15696,33,168,2711.11
15699,18,18,309.65
15700,172,86,696.68
15701,2,230,1529
15703,265,5,211.5
15704,140,117,2293.62
15705,201,6,143.1
15706,64,55,1060.56
15707,35,205,916.98
15708,41,273,3235.25
15709,284,6,133.25
15712,9,53,1072.36
15713,143,19,356.7
15714,12,34,330.03
15716,146,117,1101.11
15717,234,7,150.3
15719,33,931,5030.07
15720,24,128,598.73
15721,12,84,471.4
15722,36,67,2211.21
15723,365,38,190.7
15724,201,11,218.25
15725,15,32,415.25
15727,17,301,5159.06
15729,213,5,85
15730,66,70,1120.88
15732,212,14,294.12
15733,283,10,162.3
15734,115,26,1339.45
15737,15,71,1188.12
15738,19,173,4812.42
15739,66,8,449.12
15740,49,9,154.88
15743,16,86,775.96
15744,78,3,34.8
15745,19,62,1094.59
15746,134,28,196.88
15747,13,90,946.64
15748,40,20,144.36
15749,235,10,44534.3
15750,3,291,2463.05
15752,40,405,2626.6
15753,305,1,79.2
15754,51,28,458.57
15755,10,141,2364.25
15756,61,191,528.01
15757,66,45,714.42
15758,25,9,205.25
15759,218,7,253.04
15762,65,37,583.75
15763,32,61,1086.92
15764,88,180,3279.97
15766,64,11,315.06
15768,116,27,621.83
15769,7,130,56252.72
15773,6,10,635.68
15774,69,25,270.8
15775,245,7,104.9
15776,133,18,241.62
15777,241,21,1047.11
15780,184,29,475.28
15781,25,20,345.46
15782,10,43,2614.74
15783,11,14,246.3
15785,33,83,2328.97
15786,46,266,4919
15787,26,200,933.26
15789,358,25,351.3
15790,10,34,218.75
15791,44,75,1612.69
15793,15,12,965.61
15795,150,42,610.01
15796,1,132,2708.61
15797,113,8,2207.4
15799,76,98,884.14
15800,107,117,696.89
15801,46,64,1063.95
15802,143,1,451.42
15803,51,8,415.82
15804,1,263,4206.39
15805,23,299,5488.18
15806,46,31,784.58
15807,50,48,903.9
15808,306,195,3651.27
15809,36,35,515.77
15810,79,89,1391.98
15811,22,133,2218.62
15812,107,41,1801.14
15813,208,40,1303.91
15814,17,72,1945.33
15815,64,49,2100.6
15819,49,123,1905.45
15820,320,17,206.98
15821,44,62,570.96
15822,3,33,885.47
15823,372,1,15
15825,172,20,532.94
15826,56,68,1654.31
15827,73,115,1836.09
15829,99,51,636.14
15830,38,39,576
15831,58,66,794.64
15832,254,54,836.79
15834,70,269,2225.15
15835,44,50,954.09
15836,50,10,137.37
15837,65,24,391.98
15838,11,167,33643.08
15839,33,62,1048.49
15840,59,27,355.56
15841,73,47,1224.06
15843,304,8,118.95
15844,46,11,130.74
15845,18,138,3711.77
15847,38,22,389.27
15850,19,93,234.88
15852,187,22,160.71
15853,52,30,110.8
15854,4,138,2969.12
15855,137,80,712.24
15856,4,628,16143.64
15857,19,14,297
15858,16,188,1427.57
15860,41,139,965.16
15861,12,540,3146.92
15862,8,147,832.88
15863,26,18,68.84
15864,22,20,1936.32
15865,41,40,895.13
15866,101,43,211.89
15867,5,459,3810.14
15869,277,15,149.64
15870,33,74,351.44
15872,15,108,316.25
15874,64,120,4405.88
15877,2,126,490.33
15880,369,96,329.03
15881,312,29,501.39
15882,199,23,516.36
15883,2,49,396.48
15885,93,18,379.35
15886,60,12,181.09
15888,81,12,168.31
15889,157,85,420.07
15891,227,60,511.68
15894,253,37,258.25
15895,150,11,179.17
15897,194,22,208.59
15898,1,84,1383.83
15899,369,4,56.25
15900,24,47,337.28
15901,17,111,351.73
15903,10,74,5126.76
15904,8,30,164.68
15906,20,150,1567.69
15907,4,226,882.72
15909,174,7,191.94
15910,1,266,1228.88
15912,178,19,264.62
15916,16,151,1502.86
15917,248,12,123.1
15918,191,40,334.23
15919,20,122,525.69
15920,154,60,167.5
15921,173,24,323.03
15922,373,11,369.5
15923,373,21,127.08
15925,194,12,207.15
15930,67,21,426.63
15932,4,115,2495.87
15933,21,74,1107.46
15935,239,12,416.86
15937,64,7,145.35
15938,112,18,404.58
15939,90,76,6115.01
15940,311,1,35.8
15942,134,14,337.44
15944,277,6,325.1
15945,365,2,181
15947,83,29,1708.24
15948,8,60,955.24
15949,17,19,364.72
15950,32,97,1744.71
15951,9,41,708.22
15952,34,84,781.91
15953,15,97,1657.28
15955,24,183,4416.26
15957,32,42,428.89
15958,74,7,104.35
15963,20,28,470.76
15965,17,111,808.87
15967,23,80,397.68
15969,3,20,666.1
15970,304,11,314.1
15971,18,35,4199.85
15973,367,4,307.82
15974,39,176,3442.15
15975,84,24,371.01
15976,165,96,427.64
15977,17,65,1054.73
15978,77,49,1098.78
15980,89,43,2398.86
15981,25,97,3408.48
15983,22,112,1465.12
15984,3,258,2780.63
15985,123,37,1142.42
15986,30,14,168.12
15987,12,128,1432.77
15988,19,26,156.78
15990,44,52,792.11
15992,4,3,41.99
15993,9,543,2777.67
15994,55,32,414.27
15996,88,127,1032.58
15998,37,504,3080.22
16000,3,9,12393.7
16003,30,103,2735.37
16005,12,201,578.71
16006,211,8,101.4
16007,48,381,1693.81
16008,24,33,478.78
16009,22,82,972.11
16010,246,79,392.4
16011,8,210,3352.96
16012,35,94,1415.29
16013,4,139,37130.6
16014,38,138,646.83
16015,4,181,704.55
16016,3,224,1465.51
16017,47,32,211.88
16018,39,28,408.9
16019,47,160,3786.24
16020,17,46,851.01
16022,260,71,602.63
16023,46,101,719.81
16024,12,63,251.03
16025,30,28,439.66
16026,43,32,236.09
16027,92,16,934.62
16029,39,241,80850.84
16030,310,29,331.24
16031,92,98,547.9
16033,6,1128,8778.82
16034,196,22,437.7
16036,87,55,758.92
16037,270,39,855.02
16038,8,26,471.78
16040,65,65,1313.55
16041,31,6,3166.4
16042,22,70,1177.47
16043,38,39,773.99
16045,120,83,1340.7
16048,373,8,256.44
16049,40,299,1074.81
16050,174,10,137.9
16052,54,34,362.06
16053,33,84,1511.95
16054,145,70,783.9
16055,221,8,134.8
16056,45,66,650.75
16057,16,121,2263.12
16059,66,178,1453.16
16062,10,64,1153.62
16063,260,23,335.32
16065,365,73,367.14
16066,17,101,1521.04
16070,22,33,852.15
16071,45,21,326.24
16072,288,23,584.32
16073,297,1,122.4
16076,3,129,2234.73
16078,284,1,79.2
16079,17,21,1352
16080,82,10,217.16
16081,56,223,2799.42
16083,101,31,1317.62
16084,299,38,436.18
16085,23,167,981.51
16086,59,39,1121.39
16091,155,18,315.06
16092,115,51,817.86
16093,107,1,17
16094,12,63,1078.23
16096,264,12,320.62
16097,240,10,185.05
16098,88,67,2005.63
16099,50,39,731.9
16101,71,76,1290.7
16102,42,57,1842.14
16103,7,48,1429.64
16104,62,28,298.21
16105,249,13,336.96
16106,66,6,108.38
16107,18,31,3204.16
16108,85,48,842.5
16109,219,18,611.88
16110,45,342,1320.95
16112,143,16,195.74
16113,183,30,161.38
16114,171,8,135.75
16115,10,279,1660.88
16116,212,34,612.78
16117,190,30,232.21
16119,8,16,423.36
16120,59,30,1309.14
16121,57,204,854.66
16122,73,38,684.42
16123,52,16,307.78
16124,317,11,249
16125,367,13,289.35
16126,29,117,6287.77
16127,39,40,656.25
16128,18,89,1880.22
16131,52,78,3506.54
16133,4,339,14589.04
16134,22,35,618.09
16135,263,21,517.55
16136,60,37,709.38
16139,19,31,635.41
16140,66,35,725.18
16141,88,30,620.4
16142,250,37,535.34
16143,3,117,2424.94
16144,247,1,175.2
16145,9,224,3799.49
16146,157,29,734.13
16147,134,22,375
16148,296,1,76.32
16149,5,18,280.52
16150,43,117,2053.02
16152,269,29,1829.04
16153,50,89,1824.23
16156,9,128,3092.04
16157,16,18,656.69
16159,282,14,348.2
16160,65,20,1025.44
16161,2,471,5533.67
16162,252,2,37.4
16163,232,6,856.6
16164,17,34,822.48
16168,11,98,3787.6
16169,8,85,1822.97
16170,51,125,1885.05
16171,59,3,73.2
16172,95,69,1140.21
16173,16,84,1418.32
16174,126,23,1009.55
16175,94,58,1037.59
16177,50,15,331.95
16178,138,8,197.9
16179,61,11,215.83
16180,100,162,10254.18
16181,73,11,305.54
16182,72,28,6617.65
16183,67,15,338.71
16184,64,45,1158.79
16185,17,31,529.41
16186,23,218,4006.94
16187,32,295,6911.44
16188,45,67,981.86
16189,16,11,215.48
16190,40,6,215.08
16191,3,134,5180.52
16193,237,19,314.45
16198,75,15,400.681
16200,4,172,1068.87
16201,3,111,1863.47
16202,361,18,365.27
16203,59,35,592.9
16204,23,50,384.18
16205,31,97,757.63
16206,55,63,537.06
16207,25,19,394.38
16208,45,66,664.26
16209,89,46,2262.62
16210,2,123,21086.3
16211,89,23,547.02
16212,19,41,690.34
16213,79,6,159
16214,171,44,1062.75
16215,81,14,242.35
16216,267,37,914.93
16217,235,15,304.25
16218,30,84,3084.68
16221,37,95,860.86
16222,318,122,773.55
16224,57,96,1295.3
16225,45,134,1096.32
16226,203,8,255.12
16227,225,6,314.22
16229,87,47,1010.6
16230,190,35,542.03
16232,44,37,990.88
16233,71,22,536.68
16235,41,46,867.31
16236,78,20,432.2
16239,57,19,414.2
16240,24,135,3718.8
16241,10,655,2590.31
16242,8,292,3579.86
16243,34,51,409.1
16244,212,91,1522.75
16245,24,90,1413.66
16247,170,16,114.56
16248,62,7,152.94
16249,53,69,1800.07
16250,261,24,389.44
16253,67,123,3683.86
16255,17,270,2619.91
16256,267,13,752.43
16257,177,2,46.95
16258,45,135,5203.51
16260,51,18,1035.45
16261,17,119,728.54
16265,9,258,5447
16266,74,61,861.89
16268,71,45,667.65
16270,353,54,1141.24
16271,3,130,1404.64
16272,117,25,411.7
16274,373,65,351.75
16275,197,33,559.87
16276,177,6,810.6
16278,100,23,566.38
16279,21,106,1502.78
16281,72,17,2062.06
16282,340,11,168.3
16283,6,166,1570.81
16284,31,103,812.68
16287,170,8,142.5
16292,122,17,302.25
16293,22,118,2248.99
16295,10,79,1328.55
16297,269,20,301.9
16298,23,27,598.2
16302,127,11,233.22
16303,26,162,5360.63
16305,139,22,361.22
16306,214,41,632.27
16308,38,4,2560
16309,106,42,706.57
16311,18,37,616.26
16313,3,16,274.15
16315,331,14,226.37
16316,64,151,2938.91
16317,120,69,1341.65
16318,35,19,328.15
16319,218,3,404.4
16320,172,56,1038.46
16321,72,12,373.65
16322,1,37,326.75
16323,196,1,207.5
16324,128,111,408.59
16325,47,18,594.24
16326,6,300,3039.22
16327,14,317,3820.27
16330,18,39,251.91
16332,28,151,1582.8
16333,8,45,26626.8
16337,37,10,151.05
16338,157,11,214.8
16339,284,18,94.05
16340,107,141,534.31
16341,25,77,1971.87
16342,75,15,322.41
16343,16,43,328.58
16344,158,2,101.1
16345,44,37,565.46
16347,11,85,847.45
16348,32,222,1415.65
16349,291,9,53.5
16350,21,57,1116.47
16351,333,8,153.9
16352,18,28,494.44
16353,4,94,6675.71
16354,63,39,395.8
16356,198,31,211.77
16357,33,34,658.88
16358,1,109,2027.5
16359,7,66,1750.92
16360,5,636,3450.41
16361,10,104,891.21
16362,32,77,709.99
16363,53,5,109.36
16364,12,52,705.79
16365,18,51,1540.42
16366,19,18,327.3
16367,37,127,800.67
16368,2,69,479.91
16369,18,117,1545.41
16370,82,221,1301.91
16372,33,92,355.73
16374,66,109,466.73
16376,9,122,974.96
16377,267,5,676.2
16378,247,23,362.95
16379,4,108,2157.4
16380,61,31,1743.15
16383,75,98,643.76
16384,90,33,584.5
16385,60,57,554.86
16386,29,81,302.57
16387,323,4,94.36
16389,53,34,1382.07
16392,270,43,217.89
16393,2,327,3040.96
16394,57,83,1555.34
16395,61,206,1482.06
16398,154,82,1705.8
16399,19,72,408.02
16400,95,29,303.93
16401,1,186,4098.32
16402,265,57,293.45
16403,312,10,177.5
16404,70,23,443.05
16405,302,5,167.25
16406,19,59,154.35
16407,13,168,2079.68
16409,36,231,2022.98
16411,19,44,211.7
16412,54,30,135.99
16413,57,31,262.2
16414,22,7,126.25
16415,44,47,200.27
16416,27,71,1051.4
16418,45,95,631.12
16419,113,50,958.71
16422,17,369,34684.4
16423,25,18,346.12
16424,191,5,133.56
16425,302,21,302.7
16426,2,353,1863.76
16427,263,9,241.06
16429,106,2,284.55
16430,57,6,300.85
16431,213,76,623.28
16432,64,8,287.4
16433,28,17,184.26
16434,29,107,1511.8
16438,6,132,798.35
16440,8,282,3640.67
16441,67,24,381.2
16442,2,171,609.3
16444,46,84,654.67
16445,34,63,230.51
16446,1,3,168472.5
16447,136,34,255.91
16448,198,19,182.99
16449,198,40,707.69
16450,150,11,311.92
16451,88,14,266.97
16454,45,2,6.9
16455,64,99,1841.18
16456,99,110,2158.18
16457,218,9,208.36
16458,3,202,3482.74
16460,28,132,811.23
16461,178,32,142.92
16462,74,3,136
16463,21,82,1422.4
16464,20,230,1298.66
16466,34,146,1595.96
16468,74,2,74.9
16469,24,171,625.42
16470,52,164,752.77
16471,275,13,223.95
16473,165,18,316.11
16474,7,337,1810.65
16475,88,28,544.3
16477,64,146,2494.46
16478,25,17,331
16479,10,35,300.83
16480,76,53,769.29
16482,16,18,220.62
16483,192,19,139.35
16484,174,25,404.3
16485,77,42,363.65
16488,33,29,498.8
16491,47,39,731.5
16493,80,56,1351.63
16494,297,50,826.53
16495,3,88,648.26
16496,9,95,1599.52
16497,50,136,2965.69
16498,161,15,100.97
16499,360,19,365.45
16500,5,11,400.86
16503,107,84,1431.93
16504,25,83,465.88
16505,32,4,777.6
16506,20,3,90.3
16509,297,13,363.7
16510,372,13,248.1
16511,22,159,918.33
16513,5,35,874.59
16515,52,111,1624.14
16516,30,6,101.7
16517,277,17,162.7
16518,61,40,484.32
16519,25,13,215.08
16520,186,156,1046.57
16523,2,290,9418.47
16525,2,183,13027.45
16526,172,15,290.36
16527,81,14,228.06
16528,4,17,244.41
16529,190,30,455.25
16531,22,77,1244.59
16532,18,4,6748.8
16533,19,176,1082.81
16535,5,31,593.75
16536,110,54,548.12
16539,3,45,1388.81
16542,54,5,119.62
16545,165,3,339.3
16546,291,25,787.15
16549,10,925,4034.9
16550,109,251,2298.97
16551,96,32,922.12
16552,243,17,379.73
16553,163,84,5719.82
16554,42,52,837.1
16555,35,17,285.89
16556,67,207,3313.79
16557,24,11,281.85
16558,1,460,8338.49
16560,27,57,841.41
16561,6,31,511.12
16563,54,19,1077.74
16565,364,3,173.7
16566,15,18,614.66
16567,194,35,865.6
16569,3,5,124.2
16570,15,126,3738.4
16571,27,87,1421.69
16572,127,57,1009.6
16573,85,42,663.61
16574,71,28,451.44
16581,183,9,105.84
16582,113,6,313.62
16583,374,14,233.45
16584,80,28,936.08
16586,249,8,463.95
16587,232,13,225.15
16589,71,33,459.24
16591,69,10,213.5
16592,4,216,4113.68
16593,51,27,330.03
16594,75,53,181.09
16595,61,85,360.16
16596,16,12,250.15
16597,4,7,90.04
16598,286,10,145.05
16600,4,62,813.52
16601,41,30,242.7
16602,36,29,528.08
16603,75,34,482.47
16607,18,172,3347.71
16609,15,276,5493.46
16610,219,6,75.66
16611,186,10,129.49
16612,33,66,1187.66
16613,70,30,618.59
16614,183,26,506.19
16616,15,33,500.42
16617,236,5,151.85
16618,31,96,2647.59
16619,264,14,226.21
16620,4,9,178.96
16621,52,29,813.48
16623,246,5,129.45
16624,81,48,810.57
16625,275,23,333.08
16626,1,179,4413.1
16627,79,20,322.8
16628,30,117,2188.05
16629,74,60,408.63
16633,17,152,2883.1
16634,223,9,217.9
16637,32,69,1154.47
16638,23,94,1680.72
16639,31,50,1257.51
16641,106,12,231.1
16642,5,34,688.33
16643,246,27,487.51
16644,178,62,833.78
16647,170,14,214.06
16648,43,19,290.66
16650,72,24,518.42
16652,59,118,6773.97
16653,16,69,1212.66
16654,141,29,601.27
16655,18,258,3789.52
16656,22,73,8625.8
16657,10,192,874.43
16658,368,8,123.24
16659,189,2,39.12
16660,16,16,1267.65
16665,362,9,135.4
16666,19,32,118.98
16667,68,52,567.18
16668,15,20,306.72
16669,24,156,1348.88
16670,17,252,4095.9
16671,28,6,1692.27
16672,2,114,8134.94
16674,55,93,304.24
16676,34,89,1592.12
16678,3,163,3109.99
16679,366,3,129.75
16680,43,10,183.7
16681,73,44,1770.34
16682,5,30,1028
16684,4,277,66653.56
16685,61,62,324.24
16686,47,544,2959.88
16688,1,62,1260.86
16689,76,13,422.6
16690,72,12,225.58
16692,256,3,1276
16693,69,59,477.86
16696,135,10,657.9
16697,241,21,112.75
16698,227,5,1998
16700,9,308,5076.55
16701,9,144,5398.3
16705,1,270,14034.99
16706,37,123,531.35
16708,46,27,656.63
16709,85,79,3029.87
16710,19,394,2467.99
16711,3,22,1651.03
16712,9,438,3611.31
16713,19,619,6910.78
16714,219,87,1129.06
16715,78,19,301.72
16716,267,2,901.2
16717,24,198,3843.08
16718,369,44,606.05
16719,15,196,1770.22
16720,26,25,152.95
16721,262,37,292.47
16722,17,225,4730.81
16723,91,42,576.4
16725,302,145,758.27
16726,26,178,1358.74
16727,364,44,256.32
16728,46,263,1048.28
16729,38,656,7205.33
16730,52,82,743.11
16732,32,28,603.75
16734,52,52,646.76
16735,79,116,2247.41
16737,53,1,417.6
16738,298,1,3.75
16739,177,13,323
16742,47,1,464.9
16743,29,190,2213.13
16744,11,236,1291.91
16745,87,355,7180.7
16746,5,444,6680.11
16747,38,42,836.06
16748,18,69,1515.9
16750,45,95,623.93
16751,31,25,1764.72
16752,373,9,207.5
16753,58,34,223.92
16754,372,2,2002.4
16755,114,165,1475.43
16756,215,13,239.4
16757,319,7,106.83
16758,65,22,369.34
16759,8,42,789.79
16761,97,13,316.62
16762,20,63,1207.24
16763,199,23,611.85
16764,4,700,2790.95
16765,294,1,34
16766,273,34,1145.6
16767,31,221,5575.56
16768,48,54,478.09
16769,260,38,361.54
16770,58,140,757.1
16771,33,254,2242.61
16773,57,26,171.59
16774,68,48,661.52
16775,10,157,1691.51
16776,60,71,371.54
16777,80,48,222.62
16778,74,16,245.94
16779,2,331,10611.72
16780,100,59,422.24
16781,372,17,311.25
16782,10,183,2267.95
16784,20,3,107.6
16788,123,148,594.39
16789,8,5,80.8
16790,4,93,1545.62
16791,29,314,1705.78
16792,282,12,110.38
16793,57,16,243.84
16794,1,278,1196.5
16795,365,66,414.88
16796,89,18,305.62
16800,11,156,1162.65
16801,163,75,1594.23
16803,65,24,332.3
16804,23,60,536.99
16805,174,98,460.59
16806,103,93,762.16
16807,143,67,1121.59
16808,99,23,288.42
16809,23,149,914.69
16810,192,15,309.54
16811,5,28,547.07
16812,361,15,479.35
16813,8,426,1652.18
16814,14,319,6416.7
16816,103,28,417.06
16817,3,86,1604.75
16818,11,189,3349.57
16820,96,26,497.61
16823,227,38,358.38
16824,16,26,460.64
16825,39,28,775.18
16826,51,22,341.7
16828,93,8,128.5
16829,157,11,197.22
16830,39,23,325.91
16832,184,12,199.15
16833,1,47,1106.53
16834,228,24,413.46
16835,128,10,180.85
16836,40,11,251.87
16837,31,165,3170.98
16838,197,25,588.85
16839,9,266,16594.35
16841,37,116,1869.82
16842,101,63,1264.19
16843,43,378,10196.57
16846,50,11,214.32
16847,43,12,193.44
16848,53,14,281.42
16849,187,8,124.57
16850,334,19,332.41
16851,4,20,342.45
16852,10,9,144.91
16855,24,19,328.4
16856,15,2,35.4
16858,369,10,375.69
16859,145,52,747.81
16861,60,6,173.76
16863,31,26,502.8
16866,141,11,207.74
16869,23,127,817.12
16871,22,137,2812.34
16872,77,7,680.02
16873,5,279,7123.62
16875,67,112,2095.53
16877,12,156,846.62
16878,84,3,13.3
16880,31,174,1491.43
16881,67,1,432
16882,67,39,705.12
16883,187,37,272.48
16884,38,26,429.84
16885,15,96,450.41
16887,35,36,192.33
16889,195,135,1578.67
16891,2,186,742.43
16892,1,97,518.19
16893,367,45,145.93
16895,65,62,202.27
16897,299,37,289.78
16898,26,157,501.03
16899,8,123,1271.06
16900,17,79,887.11
16902,116,44,1706.88
16903,29,56,363.2
16904,4,665,3653.75
16905,5,199,3037.6
16906,82,86,559.59
16907,29,140,928.76
16909,72,18,379.14
16910,4,545,1508.96
16912,29,100,2555.58
16913,290,8,113.44
16914,36,30,183.76
16915,9,57,621.68
16916,24,136,562.41
16917,277,9,391.52
16918,50,128,1068.82
16919,156,326,2592.25
16921,61,55,154.18
16923,12,626,7069.08
16924,21,81,829.89
16926,371,14,230.25
16927,116,6,543.05
16928,80,204,2814.7
16929,4,77,1295.39
16930,26,53,378.89
16931,5,886,4554.87
16932,53,48,150.23
16933,1,44,563.23
16934,55,61,931.03
16936,26,56,261.9
16938,9,235,2711.68
16940,52,305,3049.88
16942,13,277,1904.99
16943,212,33,816.73
16945,22,249,4345.5
16947,236,21,406.48
16948,139,19,435.02
16949,4,60,1286.27
16950,57,42,1178.56
16951,135,86,1277.75
16952,109,16,167.61
16953,30,1,20.8
16954,1,54,2085.08
16955,185,25,518.67
16956,18,16,308.74
16957,239,16,416.64
16959,87,7,117.35
16960,39,101,507.05
16961,116,14,234.17
16963,187,7,110.55
16965,227,26,201.19
16966,8,28,2154.97
16967,189,21,319.02
16968,4,31,439.43
16969,39,42,650.41
16971,38,41,357.21
16976,267,2,251.52
16978,78,39,344.33
16979,4,89,1852
16980,255,81,1028.46
16982,61,22,384.06
16983,13,143,1905.87
16984,88,400,4459.52
16985,17,120,5464.12
16986,30,3,1873.2
16987,3,128,1616.8
16988,5,7,126.12
16989,7,12,1133.25
16990,219,1,179
16992,11,93,1614.31
16996,30,37,1456.96
16997,288,12,702
16998,150,4,295
16999,23,23,484.82
17001,1,169,3989.57
17002,86,49,1493.73
17004,46,43,1312.14
17006,5,44,781.78
17007,51,52,889.93
17010,18,11,195.36
17011,30,15,270.9
17014,8,72,583.43
17015,29,214,1838.61
17017,3,252,8694.26
17018,41,16,920.1
17019,11,228,1258.08
17022,31,7,71
17024,45,3,95.85
17025,61,9,357.77
17026,185,4,154.83
17027,79,148,877.56
17029,111,2,716
17030,64,11,146.87
17031,12,22,380.35
17033,86,28,1030.14
17034,16,30,745.52
17035,246,28,433.53
17037,88,75,1267.32
17038,30,22,112.4
17040,138,15,449.73
17041,27,69,1071.49
17042,3,97,1036.58
17043,32,102,1735.18
17044,25,6,948.48
17045,113,22,339.44
17046,157,22,642.02
17047,85,65,1100.9
17048,118,43,925.35
17049,3,317,5655.03
17050,96,308,3185.64
17051,194,42,240.89
17052,28,83,399.09
17053,131,13,498.48
17054,28,83,1356.33
17058,82,62,1179.89
17059,30,514,3080.39
17060,266,5,234.24
17061,74,99,5232.23
17062,314,69,533.33
17063,21,78,1461.14
17064,59,61,855.45
17068,12,296,4552.14
17069,28,143,2709.7
17070,114,62,304.24
17071,28,140,2429.03
17073,18,174,1446.09
17075,18,77,834.12
17076,36,25,841.08
17078,36,28,378.2
17079,78,2,118.8
17080,22,8,287.62
17081,25,63,288.91
17082,33,81,2003.85
17083,109,52,1405.78
17084,35,149,2747.99
17085,123,186,1562.4
17086,7,96,2050.08
17088,28,115,1991.01
17090,4,61,1974.65
17091,3,195,3827.76
17092,50,124,1774.03
17094,322,14,302
17095,23,74,1324.16
17096,15,48,1022.13
17097,2,211,954.42
17100,18,65,971.74
17101,10,42,1621.73
17102,262,1,25.5
17105,159,90,665.78
17107,33,416,10797.48
17109,29,116,881.29
17110,165,12,163.3
17111,47,29,231.61
17114,6,123,801.12
17115,8,39,837.5
17117,288,9,116.2
17118,318,10,157.02
17119,3,35,606.91
17120,233,18,307.46
17122,119,7,138.32
17123,162,9,345.3
17124,185,31,294.24
17125,50,35,230.5
17126,152,248,989.45
17128,335,14,157.09
17131,5,134,2463.17
17133,16,27,4892.24
17134,107,23,413.2
17135,16,52,1139.73
17138,276,24,380.5
17139,16,477,10650.77
17140,247,18,454.12
17142,239,15,579
17144,1,48,984.57
17146,106,35,749.78
17147,23,81,1714.59
17148,52,9,124.88
17152,195,14,1689.5
17153,24,14,213.78
17154,75,23,329.34
17155,18,20,251.7
17157,8,13,319
17158,32,67,1266.97
17159,22,101,1538.88
17160,31,229,3518.03
17162,29,104,1715.46
17163,22,5,293.1
17164,33,144,2467.35
17165,284,10,158.68
17166,39,12,206.34
17169,58,54,835.78
17171,289,16,224.91
17172,79,15,317.76
17173,5,86,3766.6
17174,218,4,59.9
17175,44,63,1443.69
17176,202,15,306.13
17179,178,80,711.79
17180,56,125,783.97
17181,57,23,239.92
17183,8,73,3347.31
17186,47,2,144
17187,227,10,203.95
17188,11,84,2474.23
17189,106,60,383.75
17190,59,19,444.74
17191,28,236,2093.68
17193,36,32,1699.3
17194,274,29,262.62
17197,30,29,1013.01
17198,24,96,692.22
17201,54,38,289.78
17203,36,148,3560.08
17204,175,57,1564.56
17205,54,13,384.08
17206,53,7,204.24
17211,27,211,2317.22
17212,253,4,226.85
17213,40,157,2781.23
17214,60,101,1059.12
17217,234,9,113.5
17218,4,271,1951.97
17219,32,25,114.23
17220,24,467,3187.55
17221,7,62,334.48
17222,65,27,328.65
17223,310,48,416.89
17226,309,21,393.49
17227,19,47,939.32
17228,16,208,1906.09
17229,96,47,318.76
17230,264,69,3638.41
17231,12,531,3124.72
17232,3,35,417.77
17233,35,25,190.88
17234,183,14,149.89
17235,25,29,550.06
17236,13,105,916.13
17237,11,19,314.69
17238,3,555,3719.1
17239,313,15,382.5
17242,108,40,1135.04
17243,1,387,8540.05
17244,53,31,954.9
17245,205,9,171.45
17247,15,54,280.09
17248,120,69,318.65
17250,4,56,381.97
17251,363,37,269.83
17252,117,86,348.91
17253,18,18,178.26
17254,5,111,271.19
17255,41,74,291.48
17256,107,16,240
17259,148,116,581.23
17262,52,12,1253.36
17263,208,23,63.44
17265,139,122,550.01
17266,2,73,296.58
17267,127,37,317.2
17268,108,6,763.64
17272,42,114,2148.63
17274,35,25,107.82
17277,228,69,1065.35
17278,241,15,246.04
17279,58,9,187.83
17282,130,89,1685.46
17284,60,291,1647.48
17286,22,44,151.37
17287,26,122,1049.06
17288,9,140,1417.63
17289,32,104,931.02
17290,4,96,513.01
17291,308,1,550.8
17293,8,132,1854.06
17295,29,68,547
17297,17,49,128.18
17298,101,30,498.42
17299,12,55,656.61
17301,21,59,163.24
17302,15,79,1135.63
17303,361,53,250.04
17306,11,66,8631.31
17309,95,12,82.75
17311,78,55,1384.85
17312,139,14,644.3
17313,31,24,2328.84
17314,25,131,2527.92
17315,2,471,6281.23
17317,46,9,2600.34
17320,100,73,1200.62
17321,8,99,657.16
17323,15,195,906.52
17324,18,49,986.48
17325,280,6,96.8
17329,14,33,523.11
17330,23,6,363.9
17331,124,1,175.2
17333,86,28,494.25
17334,302,11,307.02
17337,151,521,1981.06
17338,17,721,6493.54
17339,94,9,243.36
17340,30,407,12353.29
17341,157,157,682.29
17343,355,17,193.64
17344,46,31,157.62
17345,15,83,519.69
17346,4,483,2622.88
17347,86,1,228.96
17348,15,213,1156.6
17349,179,8,98.25
17350,8,70,1281.32
17351,36,27,587.15
17353,129,8,1740
17354,51,16,1393.06
17356,312,19,178.22
17357,24,44,384.39
17358,303,58,360.81
17359,11,15,127.86
17360,17,125,568.24
17361,49,29,488.2
17362,239,35,312.23
17364,1,406,4462.68
17365,13,465,4767.36
17367,238,33,167.55
17368,23,107,1878.87
17370,73,33,446.18
17371,17,86,418.4
17372,41,251,1337.18
17373,40,57,646.92
17374,219,28,495.77
17375,199,69,400.1
17376,71,24,203.2
17377,24,404,4058.32
17379,11,78,389.72
17381,9,109,20275.61
17382,65,2,65.4
17383,4,49,193.39
17384,19,15,336.4
17385,15,45,256.11
17386,8,28,2686.42
17387,20,76,746.81
17388,78,15,1259.56
17389,1,213,31833.68
17391,164,3,508.8
17392,307,56,417.27
17394,219,4,203.87
17396,39,27,7330.8
17397,22,89,681.41
17398,115,38,653.38
17400,126,206,2097.84
17402,5,59,2633.85
17403,36,32,263.92
17404,4,198,31906.82
17405,1,82,1031.41
17406,333,111,2184.42
17408,163,2,32.65
17409,185,13,771.85
17410,16,64,1214.72
17411,12,41,778.94
17412,3,66,1258.06
17414,44,6,778
17415,80,14,507.84
17416,30,269,6893.42
17418,42,30,463.46
17419,11,206,4226.57
17420,50,30,598.83
17422,16,117,1979.37
17423,46,26,698.41
17425,19,43,759.17
17426,8,271,5037.26
17427,72,2,100.8
17428,1,328,17256.85
17429,128,39,524.92
17430,33,14,265.76
17431,313,43,403.3
17432,18,48,365.76
17433,88,54,303.16
17434,2,134,2373.82
17436,2,9,216.3
17438,254,17,388.45
17440,157,5,186.42
17442,37,135,2248.56
17443,220,1,534.24
17444,148,135,2940.04
17446,177,9,120.9
17447,40,36,541.53
17449,2,276,2519.21
17450,8,336,194390.79
17451,1,100,1721.4
17453,18,19,486.72
17454,192,61,517.53
17455,204,8,131.7
17456,365,17,249.86
17457,127,19,1737.7
17458,15,54,316.5
17459,43,111,657.3
17460,94,29,622.43
17461,23,106,735.82
17462,60,27,675.69
17463,16,208,1875.86
17464,158,9,289.96
17466,10,41,763.28
17468,10,5,137
17469,16,88,1870.97
17470,45,78,1125.07
17472,191,174,697.54
17475,79,14,194.37
17480,78,29,511.82
17481,4,82,1255.59
17483,65,21,414.04
17486,261,24,396.87
17489,59,29,376.64
17490,1,76,2092.32
17491,1,109,3558.87
17492,248,12,374.57
17495,8,27,497.56
17496,359,10,271.05
17498,76,17,272.22
17499,290,40,622.88
17500,17,5,1138
17501,221,18,288.6
17502,9,28,689.1
17503,3,38,558.96
17504,206,127,2997.03
17505,162,52,1145.84
17506,76,14,302.2
17507,262,88,605.58
17508,281,22,387.31
17509,58,364,6083.64
17510,25,20,308.48
17511,3,963,91062.38
17512,29,105,2924.99
17513,72,6,513.2
17514,128,40,208.65
17515,31,87,639.02
17516,15,135,764.88
17517,309,11,153.94
17519,17,82,1844.02
17520,54,30,546.81
17521,30,45,723.21
17522,2,73,1070.71
17523,11,33,652.74
17524,361,6,145
17525,360,9,422.7
17526,5,19,1195.9
17527,54,47,939.37
17528,1,253,3628.5
17530,1,390,2367.12
17531,190,14,296.7
17534,54,9,223.36
17535,280,13,164.4
17536,177,3,76.5
17537,30,74,887.67
17538,26,9,98.42
17540,25,25,578.9
17542,270,25,170.75
17545,43,141,642.32
17548,234,5,103.3
17549,24,6,148.86
17550,197,42,267.16
17551,359,39,290.34
17552,60,49,930.41
17553,130,2,1487.6
17554,1,88,1952.45
17555,20,105,480.31
17556,206,6,157.9
17557,14,34,541.46
17560,95,27,854.95
17561,19,45,165.12
17562,14,63,1122.38
17564,24,49,454.01
17566,8,142,869.77
17567,7,165,4331.48
17569,332,29,344.14
17571,50,271,1425.67
17572,71,12,226.75
17573,29,25,380.6
17574,243,8,185.65
17576,8,402,3564.83
17578,218,5,143.46
17579,5,50,448.9
17580,253,45,215.72
17581,1,439,11025.24
17582,236,29,175.27
17584,7,35,1242.3
17585,109,208,1116.68
17588,100,23,1240.2
17589,60,253,2404.17
17590,2,196,1468.02
17591,73,157,2203.67
17593,4,212,3923.86
17594,85,50,993.18
17595,12,82,386.69
17596,23,265,2806.69
17597,214,55,2044.37
17600,18,13,161.67
17601,239,9,116.01
17602,2,551,5054.42
17603,78,11,394.72
17604,217,63,309.36
17608,33,56,191.99
17609,41,233,1105.78
17611,7,567,3961.12
17612,53,135,2048.45
17613,23,306,4544.55
17614,57,98,386.32
17615,130,14,329.6
17616,174,3,571.2
17618,6,67,930.28
17619,312,74,214.37
17620,60,4,81.44
17621,21,26,1379.9
17623,33,33,527.05
17624,15,50,843.48
17625,18,306,2020.4
17628,81,5,75.75
17629,6,123,1814.12
17630,170,26,503.6
17631,2,39,528.33
17633,31,70,1324.84
17634,36,296,2358.59
17636,19,20,285.56
17637,31,35,547.06
17639,276,7,108.5
17640,87,5,621.66
17642,120,40,712.29
17643,373,8,101.55
17644,1,157,2895.64
17646,219,51,1008.39
17647,65,7,133.06
17648,61,91,1797.5
17649,138,52,868.49
17650,21,8,166.08
17651,12,232,3945
17652,25,259,4867.72
17653,37,44,1207.56
17654,277,22,117.55
17655,11,91,2638.94
17656,73,82,1674.69
17658,26,19,595.42
17659,17,158,2999.46
17660,141,38,178.75
17663,26,86,1802.91
17664,19,43,604.64
17666,4,18,728.16
17667,66,117,2055.51
17668,1,15,347.75
17669,43,68,3406.72
17670,228,11,205.7
17671,16,53,1572.71
17672,50,110,3178.17
17673,2,218,1594.97
17674,74,27,551.04
17675,1,705,20374.28
17676,4,77,1371.18
17677,2,303,16345.38
17678,264,16,298.11
17679,53,30,1992.11
17680,24,11,184.4
17682,10,118,2474.33
17684,44,15,239.41
17685,17,127,3155.83
17686,7,286,5739.46
17690,30,252,4726.8
17691,358,19,290.4
17692,127,46,740.94
17693,137,16,200.47
17694,142,15,283.12
17695,132,35,765.34
17696,38,115,2285.71
17697,236,19,338.95
17698,261,8,154.95
17700,17,142,2534.64
17701,253,24,417.95
17702,30,74,1824.37
17703,35,55,798.74
17704,169,31,885.19
17705,3,103,1823.52
17706,4,382,10504.49
17707,185,5,152.4
17708,188,34,263.33
17709,170,7,137.45
17711,11,23,385.1
17712,45,29,522.91
17714,321,10,153
17715,201,1,326.4
17716,23,245,5655.99
17718,232,6,139.35
17719,38,274,5396.04
17720,26,50,1195.94
17722,96,115,2424.04
17723,127,10,3276.4
17724,71,40,1033
17725,16,192,3439.08
17727,15,66,1060.25
17728,4,165,2876.01
17730,3,218,5298.48
17731,79,67,1240.11
17732,373,18,303.97
17733,39,35,692.19
17734,54,43,700.63
17735,2,690,13110.02
17736,9,25,377.44
17737,9,10,168.24
17738,19,97,1879.05
17739,12,47,2791.35
17742,113,15,355.11
17744,4,136,2322.4
17746,240,6,110.25
17747,113,1,71.4
17749,178,35,674.52
17750,5,184,1710.45
17752,359,1,80.64
17754,1,89,1664.65
17757,1,740,5593.39
17758,19,404,3408.2
17759,17,90,819.96
17760,22,25,287.59
17761,33,19,712.78
17763,263,1,15
17764,51,71,772.55
17765,159,56,367.63
17767,15,21,271.2
17768,8,98,2081.9
17769,13,304,3957.43
17770,199,38,1143.27
17771,57,54,245.81
17772,11,50,173.45
17774,97,153,1213.73
17775,255,3,56.4
17777,25,190,647.56
17779,21,81,650.32
17781,159,12,188.02
17783,72,67,283.47
17785,53,13,131.94
17786,85,68,266.85
17787,153,128,1817.54
17788,74,5,1117.9
17789,281,14,225.9
17790,27,189,1964.3
17791,30,10,106.1
17793,25,52,300.34
17795,180,45,342.83
17796,40,81,690
17797,22,111,780.43
17799,22,404,3039.17
17800,37,103,1187.21
17802,82,140,1285.04
17805,74,10,512.31
17806,11,43,546.04
17809,16,61,5411.91
17811,4,828,7761.82
17812,13,133,699.81
17813,14,348,1698.07
17816,37,17,36.56
17817,4,33,387.68
17819,72,48,3704.87
17824,51,13,298.4
17827,5,215,1987.33
17828,23,67,1820.09
17829,299,30,889.24
17830,2,23,398.7
17831,33,2,35.4
17832,50,61,155.37
17835,3,59,342.24
17836,47,24,110.21
17837,42,162,1541.23
17838,27,117,2720.8
17839,42,52,318.15
17841,2,7676,40519.84
17843,303,37,205.48
17844,107,5,51.56
17846,85,1,2033.1
17848,81,51,901.2
17849,218,26,605.8
17850,372,297,5391.21
17852,12,24,114.34
17854,185,15,311.26
17855,373,17,208.97
17856,2,15,1418.03
17857,4,54,26879.04
17858,6,197,5140.66
17859,305,23,141.92
17860,369,52,226.45
17861,3,219,2097.88
17862,324,11,330.9
17863,59,148,3160
17864,13,90,554.85
17865,31,370,10526.32
17866,143,9,329.65
17867,30,68,1157.87
17869,107,40,428.18
17870,2,270,1865.89
17871,205,10,155.9
17873,80,43,1848.96
17874,185,46,683.46
17877,170,12,237.61
17878,44,26,379.45
17879,174,6,178.52
17880,365,26,458.92
17881,304,8,133.35
17883,3,142,664.34
17884,4,113,695.07
17885,12,53,156.34
17886,32,102,869.28
17887,129,10,111.35
17888,21,65,716
17889,212,20,201.37
17890,323,91,586.89
17891,162,34,203.86
17892,56,28,244.1
17893,225,15,107.21
17894,72,192,1118.96
17895,44,15,95.45
17896,23,2,256.32
17897,173,108,541.81
17898,85,28,152.06
17899,159,31,154.55
17900,190,6,112.2
17901,29,19,110.38
17904,21,34,181.07
17905,71,33,798.99
17906,247,12,72.9
17908,374,54,232.03
17911,9,39,366.23
17912,310,37,310.06
17913,59,58,408.65
17914,4,75,329.36
17917,45,92,335.03
17919,88,23,1304.04
17920,4,665,4119.5
17921,64,142,820.23
17923,282,1,207.5
17924,12,31,2962.5
17925,373,1,244.08
17926,133,21,397.29
17928,45,23,212.54
17929,11,5,843
17930,36,39,1740.48
17931,134,65,408.36
17932,29,90,1331.57
17934,52,21,704.25
17935,138,29,145.79
17936,5,72,380.13
17937,9,43,4301.22
17939,160,12,99.14
17940,49,18,4020.04
17941,131,2,304.56
17942,8,2,77.5
17946,233,20,149.58
17947,37,9,176.68
17948,147,1,358.56
17949,1,70,58510.48
17950,72,71,482.2
17951,40,20,1008.54
17954,5,477,2314.13
17955,199,19,557.3
17956,249,1,12.75
17957,66,31,111.68
17958,117,7,508.46
17960,171,26,73.78
17961,21,249,1296.44
17962,142,34,102.41
17964,32,98,463.21
17965,38,325,2599.19
17966,38,68,1098.43
17967,372,42,112.27
17968,374,81,265.1
17969,166,14,228.2
17970,211,29,562.79
17972,242,30,135.19
17973,52,15,337.04
17974,25,165,703.99
17975,15,293,4483.26
17976,372,57,321.79
17977,29,21,288.14
17978,365,12,300.92
17979,36,138,732.41
17980,166,30,811.45
17984,145,48,152.68
17985,22,21,631.35
17986,56,1,20.8
17987,185,13,198.57
17988,12,38,201.12
17990,237,29,630.84
17991,225,5,93.35
17994,122,79,674.89
17995,282,2,76.1
17997,74,164,1962.46
17999,37,91,380.39
18001,12,57,415.13
18004,362,37,157.92
18005,4,53,226.47
18006,23,22,444.68
18008,70,30,2116.19
18009,235,31,247.39
18010,257,14,174.8
18011,373,28,102.79
18013,155,31,187.29
18014,28,30,162.22
18015,4,46,120.03
18016,32,122,1477.66
18017,81,3,523
18018,108,29,122.14
18019,52,5,38.45
18022,36,164,612.72
18024,153,21,389.78
18027,99,21,115.31
18030,4,9,230.65
18032,334,5,73.5
18033,65,33,93.82
18034,22,110,418.68
18035,36,49,713.89
18036,32,94,403.12
18037,154,19,70.02
18040,19,19,357.2
18041,12,458,4097.37
18042,54,7,165.05
18043,25,115,529.29
18044,4,127,2088.6
18045,45,43,178.34
18048,203,7,172.29
18050,359,5,74.4
18053,71,20,300.02
18055,7,358,6761.34
18056,288,19,363.65
18058,10,3,170.16
18059,23,19,306.46
18061,22,46,2119.41
18062,173,27,720.52
18064,133,7,814
18065,6,137,2392.83
18066,75,10,318
18067,40,37,396.33
18068,289,1,101.7
18069,26,457,2009.24
18071,258,25,453
18072,186,18,247.44
18073,114,72,3859.82
18074,374,13,489.6
18075,23,142,2611.75
18077,8,223,2584.41
18078,217,29,336.13
18079,45,123,3613.15
18080,19,2,1231.5
18081,36,17,343.45
18082,26,70,680.84
18084,16,1,90.48
18085,330,29,689.95
18086,274,7,101.34
18087,98,2,4055.72
18088,61,37,166.03
18092,2,89,9068.26
18093,93,36,2106.52
18094,82,70,3017.3
18095,313,21,580.05
18096,12,196,849.06
18097,8,106,2662.4
18099,127,19,168.31
18101,11,40,222.4
18102,1,431,259657.3
18104,37,38,754.64
18105,38,18,113.48
18106,330,37,421.9
18108,254,17,271
18109,2,441,8004.92
18110,20,37,198.8
18112,12,26,352.69
18113,369,1,76.32
18114,290,28,220.1
18116,68,371,1403.11
18117,26,72,315.65
18118,11,1263,5625.08
18119,368,29,180.7
18120,214,17,111.15
18121,149,31,653.3
18122,8,357,1793.06
18123,24,34,574.44
18125,30,192,1131.75
18126,61,52,200.92
18127,19,46,347.08
18129,243,14,112.55
18130,15,70,1059.39
18133,212,1,931.5
18135,29,20,681.91
18136,63,38,784.33
18138,295,8,152.65
18139,18,159,8438.34
18142,157,15,1019.52
18143,117,61,1000.16
18144,8,43,2888.75
18145,13,221,2861.55
18146,141,10,160.35
18147,46,7,179.34
18149,51,16,612.08
18150,32,37,566.58
18151,135,38,653.35
18154,3,21,399.19
18155,75,25,371.62
18156,13,122,675.64
18158,9,34,453.4
18159,301,23,530.15
18160,57,39,638.06
18161,15,80,1618.69
18164,37,24,399.65
18165,177,10,302.46
18167,23,37,1384.86
18168,176,130,1160.04
18169,61,9,202.65
18170,33,38,980.31
18171,59,54,1231.31
18172,15,189,7561.68
18173,87,31,2106.84
18174,7,1,104
18176,358,30,476.35
18177,31,73,1340.87
18178,129,97,1590.81
18179,9,90,1793.17
18180,5,119,1843.75
18181,24,41,366.85
18183,227,37,632.07
18184,15,1,49.8
18185,249,17,304.25
18188,15,71,2001.04
18189,78,68,1090.24
18190,192,15,284.46
18191,262,7,207.8
18192,72,45,957.97
18193,165,16,243.76
18194,82,7,973.84
18196,95,139,686.63
18198,4,159,5425.56
18200,106,30,150.35
18202,200,68,1396.99
18203,157,19,160.42
18204,71,192,1975.35
18205,36,32,517.36
18209,29,8,139.1
18210,2,134,2621.38
18211,26,42,600.07
18212,326,34,216.07
18213,237,15,232.48
18215,89,13,299.34
18216,31,26,481.75
18217,29,31,621.75
18218,211,20,641.92
18219,3,114,2069.77
18220,227,2,305.28
18221,22,64,1041.61
18222,93,19,443
18223,5,272,6484.54
18224,264,10,158.95
18225,3,269,5504.96
18226,44,242,5228.05
18227,218,5,93.75
18228,57,30,779.9
18229,12,164,7276.9
18230,9,86,2810.2
18231,192,123,2071.77
18232,82,37,592.97
18233,326,1,440
18235,72,104,1796.48
18236,30,49,882.24
18237,3,61,987.1
18239,219,88,1561.61
18240,46,6,422.58
18241,10,104,2073.09
18242,72,78,2232.49
18245,7,175,2567.06
18246,24,4,596.1
18248,123,47,804.02
18249,17,8,95.34
18250,310,21,349.27
18251,87,16,4314.72
18252,51,94,518.27
18255,89,6,103.3
18257,39,118,2337.63
18259,25,42,2338.6
18260,173,133,2628.35
18261,43,21,324.24
18262,140,13,149.48
18263,26,61,1213.16
18265,72,46,801.51
18268,134,1,25.5
18269,366,7,168.6
18270,38,11,283.15
18272,3,166,3078.58
18273,2,3,204
18274,30,11,175.92
18276,44,14,335.86
18277,58,8,110.38
18278,74,9,173.9
18280,278,10,180.6
18281,181,7,80.82
18282,8,12,178.05
18283,4,721,2045.53
18287,43,70,1837.28
